src_comp,brand_name,prod_name,prod_price,prod_discount,prod_link,prod_thumbnail
오하우,오하우,(무료반품) 오하우 내몸에 착한 고체치약 씹는치약 300정 제로웨이스트,29900,29900,https://smartstore.naver.com/o-how/products/8488066156,https://
오하우,오하우,오하우 제로웨이스트키트 대나무칫솔 고체치약 기프트 세트,1500,1500,https://smartstore.naver.com/o-how/products/8455254286,https://shop-phinf.pstatic.net/20230425_9/1682387572663e79fw_JPEG/1327252340921208_1085923340.jpg?type=f296_296
오하우,오하우,오하우 손바느질 주머니 파우치 만들기 키트 DIY 동영상제공 1개만들기,3000,3000,https://smartstore.naver.com/o-how/products/8357174300,https://shop-phinf.pstatic.net/20230406_191/1680756178755aLSkJ_JPEG/81892006560475556_155621543.jpg?type=f296_296
오하우,오하우,오하우 코바늘수세미 뜨개질 티코스터 만들기 키트 DIY 동영상제공,2800,2800,https://smartstore.naver.com/o-how/products/8344616413,https://shop-phinf.pstatic.net/20230404_214/1680568389957GLD9O_JPEG/81704278663705938_2123918082.jpg?type=f296_296
오하우,오하우,오하우 손바느질 소창손수건 만들기 키트 DIY 동영상제공 1개만들기,3500,3500,https://smartstore.naver.com/o-how/products/8247409907,https://shop-phinf.pstatic.net/20230316_44/1678940143595f93Wi_JPEG/80075977263306917_958810157.jpg?type=f296_296
오하우,오하우,오하우 손바느질 소창행주 만들기 키트 DIY 동영상제공 1개만들기,3300,3300,https://smartstore.naver.com/o-how/products/8240739497,https://shop-phinf.pstatic.net/20230315_65/16788411294211UPUi_JPEG/79976963194554249_853935852.jpg?type=f296_296
오하우,오하우,오하우 제로웨이스트키트 8종 욕실 선물세트 VER.2 천연비누 집들이 답례품 판촉물,9900,9900,https://smartstore.naver.com/o-how/products/8211683665,https://shop-phinf.pstatic.net/20230309_20/1678341166610aOelq_JPEG/79477009320747740_602426107.jpg?type=f296_296
오하우,오하우,오하우 천연수세미 바디 스크럽 샤워타올 각질제거,4000,6900,https://smartstore.naver.com/o-how/products/8102699733,https://shop-phinf.pstatic.net/20230217_112/1676620146556aGh8g_JPEG/77755989254908081_280795557.jpg?type=f296_296
오하우,오하우,오하우 대나무칫솔 10개+1개 KC인증 제로웨이스트 판촉물,7000,7000,https://smartstore.naver.com/o-how/products/8102005888,https://shop-phinf.pstatic.net/20230217_159/1676616717134z4tiM_JPEG/77752551930191528_1066322326.jpg?type=f296_296
오하우,오하우,오하우 고체치약 휴대용 캠핑 여행 어메니티 씹는치약 18정,3000,3000,https://smartstore.naver.com/o-how/products/8085673018,https://shop-phinf.pstatic.net/20230215_258/1676421258343CLu8D_JPEG/77557154030705878_1638544695.jpg?type=f296_296
오하우,오하우,오하우 제로웨이스트키트 대나무칫솔 투명창 바쓰세트 답례품 구디백,6000,6000,https://smartstore.naver.com/o-how/products/8063119585,https://shop-phinf.pstatic.net/20230309_135/1678338435575ADwcF_JPEG/79474270383976736_1614482339.jpg?type=f296_296
오하우,오하우,오하우 천연 야자 팟브러쉬 철수세미 대용 주방 세척솔,4000,4000,https://smartstore.naver.com/o-how/products/8004817545,https://shop-phinf.pstatic.net/20230131_143/1675138437572eo6mc_JPEG/76274217275343052_1286597464.jpg?type=f296_296
오하우,오하우,오하우 천연수세미 스테인리스 병솔 집게 세트 텀블러 젖병 세척솔,2000,2000,https://smartstore.naver.com/o-how/products/7900257537,https://shop-phinf.pstatic.net/20220811_108/1660182466667lJQtz_JPEG/61318309381249099_1448174883.jpg?type=f296_296
오하우,오하우,오하우 내열 유리빨대 세트 친환경 다회용 투명 빨대 답례품,4500,4500,https://smartstore.naver.com/o-how/products/7872583768,https://shop-phinf.pstatic.net/20230106_273/1672965871822oEjgy_JPEG/74101699580467035_755627792.jpg?type=f296_296
오하우,오하우,오하우 제로웨이스트키트 20종 선물세트 천연수세미 집들이 답례품 판촉물,29900,29900,https://smartstore.naver.com/o-how/products/7868131122,https://shop-phinf.pstatic.net/20230217_68/1676616708585olStB_JPEG/77752543339074780_1444387678.jpg?type=f296_296
오하우,오하우,오하우 제로웨이스트키트 11종 키친세트 천연수세미 집들이 답례품 판촉물,19900,19900,https://smartstore.naver.com/o-how/products/7867841232,https://shop-phinf.pstatic.net/20230220_171/1676873677139gd4yK_JPEG/78009519781079733_499384923.jpg?type=f296_296
오하우,오하우,오하우 천연 아기 세탁세제 집들이 선물세트 제로웨이스트 안심세탁용품 키트,49900,49900,https://smartstore.naver.com/o-how/products/7799307184,https://shop-phinf.pstatic.net/20221223_241/1671760961401cskHM_JPEG/72896807103103913_1047860838.jpg?type=f296_296
오하우,오하우,오하우 제로웨이스트키트 5종 주방알뜰 세트 천연수세미 집들이 답례품 판촉물,8900,8900,https://smartstore.naver.com/o-how/products/7784598609,https://shop-phinf.pstatic.net/20220808_18/16599311394948zvCf_JPEG/61066985211929091_596647161.jpg?type=f296_296
오하우,오하우,오하우 무지에코백 만들기 키트 DIY 동영상 패브릭마카 포함 스몰,7700,7700,https://smartstore.naver.com/o-how/products/7713992387,https://shop-phinf.pstatic.net/20221208_224/1670474374193ohOpM_JPEG/71610157905020742_1529566012.jpg?type=f296_296
오하우,오하우,오하우 천연비누답례품 올인원 비건 바디워시바 미니 바쓰세트 제로웨이스트키트,5800,5800,https://smartstore.naver.com/o-how/products/7498287166,https://shop-phinf.pstatic.net/20221101_26/166728854763667780_JPEG/68424382467267346_2100493650.jpg?type=f296_296
오하우,오하우,오하우 천연비누답례품 올인원 비건 바디워시바 시트론레몬 미니세트 제로웨이스트키트,6000,6000,https://smartstore.naver.com/o-how/products/7498253785,https://shop-phinf.pstatic.net/20221101_4/1667288278538NzPHG_JPEG/68424113355235624_25109660.jpg?type=f296_296
오하우,오하우,오하우 순면 다용도 빨대파우치,2000,2000,https://smartstore.naver.com/o-how/products/7428773728,https://shop-phinf.pstatic.net/20221027_156/1666838566449xA1G7_JPEG/67974394273017277_110203331.jpg?type=f296_296
오하우,오하우,오하우 천연 클레이 비누만들기 키트 DIY 동영상제공 마카롱 1개만들기,3500,3500,https://smartstore.naver.com/o-how/products/7407678495,https://shop-phinf.pstatic.net/20221018_122/1666075066541Vddxm_JPEG/67210909245215718_155561568.jpg?type=f296_296
오하우,오하우,오하우 올인원 비건 바디워시바 클렌징비누 시트론레몬,3800,3800,https://smartstore.naver.com/o-how/products/7336515435,https://shop-phinf.pstatic.net/20221007_269/1665104112366jWEfj_JPEG/66239892089017292_1384515339.jpg?type=f296_296
오하우,오하우,오하우 제로웨이스트키트 5종 미니키친 세트 천연수세미 집들이 답례품 판촉물,7800,7800,https://smartstore.naver.com/o-how/products/7140156496,https://shop-phinf.pstatic.net/20230421_43/168205299241854gKE_JPEG/1988173225887539_93374757.jpg?type=f296_296
오하우,오하우,오하우 스텐 다용도 고리집게 후크 3P 세트,1000,1000,https://smartstore.naver.com/o-how/products/7081640813,https://shop-phinf.pstatic.net/20220824_277/1661315964872FOpdo_JPEG/62451799707990962_536618653.jpg?type=f296_296
오하우,오하우,오하우 베이직 인센스홀더 핸드메이드 우드,2500,2500,https://smartstore.naver.com/o-how/products/7033145724,https://shop-phinf.pstatic.net/20220812_67/1660269453884b12Ei_JPEG/61405299590699499_1582218297.jpg?type=f296_296
오하우,오하우,오하우 스텐 304 싱크대 수세미걸이 거치대 다용도 홀더,1000,1000,https://smartstore.naver.com/o-how/products/7028575664,https://shop-phinf.pstatic.net/20220811_122/1660179493864Q4qMY_JPEG/61315277571363910_515107740.jpg?type=f296_296
오하우,오하우,오하우 제로웨이스트키트 어린이 대나무칫솔 투명창 바쓰세트 답례품 구디백,6500,6500,https://smartstore.naver.com/o-how/products/7020009680,https://shop-phinf.pstatic.net/20230309_238/1678338301091CJQtg_JPEG/79474135902989718_627589524.jpg?type=f296_296
오하우,오하우,오하우 제로웨이스트키트 대나무칫솔 고체치약 투명창 건치세트 답례품 구디백,5000,5000,https://smartstore.naver.com/o-how/products/7005748146,https://shop-phinf.pstatic.net/20230220_62/1676854312969NKTUu_JPEG/77990140757535759_264547777.jpg?type=f296_296
오하우,오하우,오하우 천연수세미 만들기 키트 DIY 교육용 동영상제공 1개만들기,4000,4000,https://smartstore.naver.com/o-how/products/6873942380,https://shop-phinf.pstatic.net/20220704_72/1656919042140emuuH_JPEG/58054887850823871_1932278525.jpg?type=f296_296
오하우,오하우,오하우 내몸에 착한 고체치약 씹는치약 10정 제로웨이스트,3000,3000,https://smartstore.naver.com/o-how/products/6794965648,https://shop-phinf.pstatic.net/20230508_144/1683520469125bFuEU_JPEG/5196165686585426_1887757722.jpg?type=f296_296
오하우,오하우,오하우 제로웨이스트키트 어린이 대나무칫솔 고체치약 투명창 건치세트 답례품 구디백,5500,5500,https://smartstore.naver.com/o-how/products/6631036712,https://shop-phinf.pstatic.net/20230220_108/1676857241110S0ntP_JPEG/77993139757636855_650249653.jpg?type=f296_296
오하우,오하우,오하우 빈티지 보냉백 직장인 런치백 도시락 가방 보온 보냉,24900,24900,https://smartstore.naver.com/o-how/products/6626890285,https://shop-phinf.pstatic.net/20220503_32/1651551078976koAyR_JPEG/52686862666421645_1586330547.jpg?type=f296_296
오하우,오하우,오하우 천연비누답례품 올인원 비건 바디워시바 오렌지당근 미니세트 제로웨이스트키트,6000,6000,https://smartstore.naver.com/o-how/products/6626365665,https://shop-phinf.pstatic.net/20220805_246/1659700388061uq0gP_PNG/60836222832645816_477251351.png?type=f296_296
오하우,오하우,오하우 실리콘 빨대 텀블러 미니 접이식 휴대용 리유저블 빨대컵 475ml,12900,12900,https://smartstore.naver.com/o-how/products/6520667004,https://shop-phinf.pstatic.net/20220408_10/1649394785207Fhzlt_JPEG/50530568917849432_1089961678.jpg?type=f296_296
오하우,오하우,오하우 천연 아로마 에센셜 오일 5종 세트 드롭,27900,27900,https://smartstore.naver.com/o-how/products/6485043035,https://shop-phinf.pstatic.net/20220913_73/1663052593962ieylT_JPEG/64188489664769784_1046706142.jpg?type=f296_296
오하우,오하우,오하우 천연 아로마 에센셜 오일 10ml 드롭,6900,6900,https://smartstore.naver.com/o-how/products/6484447756,https://shop-phinf.pstatic.net/20220913_138/1663052618950qanDO_JPEG/64188514675404615_1559797663.jpg?type=f296_296
오하우,오하우,오하우 천연수세미 만들기 삼베실 뜨개실 70g 오리지널베이지,5800,5800,https://smartstore.naver.com/o-how/products/6444816452,https://shop-phinf.pstatic.net/20221115_293/1668476777926RRdOG_JPEG/69612666619182113_235486421.jpg?type=f296_296
오하우,오하우,오하우 국내제작 안전한 실리콘 젖병 텀블러 세척솔 병솔 2TYPE,4600,4600,https://smartstore.naver.com/o-how/products/6411579528,https://shop-phinf.pstatic.net/20220315_290/1647303512112gkXW2_JPEG/48439345922946826_347157561.jpg?type=f296_296
오하우,오하우,오하우 캔들 라이터 인센스 캠핑 미니 라이터 점화기,2000,2000,https://smartstore.naver.com/o-how/products/6362573731,https://shop-phinf.pstatic.net/20220811_281/1660182048801KogHW_JPEG/61317891440207767_1880364208.jpg?type=f296_296
오하우,오하우,오하우 조르단 그린클린 울트라소프트 재생플라스틱 친환경 칫솔 4P 세트,15600,15600,https://smartstore.naver.com/o-how/products/6329338076,https://shop-phinf.pstatic.net/20230104_192/1672817697251EMkyo_JPEG/73953525069107965_92417289.jpg?type=f296_296
오하우,오하우,오하우 조르단 그린클린 소프트 재생플라스틱 친환경 칫솔 4P 세트,14400,14400,https://smartstore.naver.com/o-how/products/6329323735,https://shop-phinf.pstatic.net/20230104_286/1672818589126BklSh_JPEG/73954477840967079_2084862763.jpg?type=f296_296
오하우,오하우,오하우 조르단 그린클린 미니 키즈 재생플라스틱 친환경 어린이 칫솔 3P 세트,10900,10900,https://smartstore.naver.com/o-how/products/6329280426,https://shop-phinf.pstatic.net/20230104_293/1672819211281jmHdQ_JPEG/73955107014979586_1040225157.jpg?type=f296_296
오하우,오하우,오하우 친환경 천연수세미 10개+대나무칫솔 2개 제로웨이스트,20000,20000,https://smartstore.naver.com/o-how/products/6328215231,https://shop-phinf.pstatic.net/20220907_93/16625135188819z3Dj_JPEG/63649364583672510_808640208.jpg?type=f296_296
오하우,오하우,오하우 생분해 싱크대거름망 배수구망 음쓰백 30매입,5000,5000,https://smartstore.naver.com/o-how/products/6317602843,https://shop-phinf.pstatic.net/20220218_23/1645171025455VEpPo_JPEG/46306921178376753_1949683206.jpg?type=f296_296
오하우,오하우,오하우 다르샨 인센스스틱 디퓨저 천연 아로마 방향제,1900,1900,https://smartstore.naver.com/o-how/products/6309379817,https://shop-phinf.pstatic.net/20220812_254/1660278026219X18dN_JPEG/61413861046660571_80245684.jpg?type=f296_296
오하우,오하우,오하우 강화 소창 행주 2겹 무형광 아기수건 제로웨이스트,3000,3000,https://smartstore.naver.com/o-how/products/6119254067,https://shop-phinf.pstatic.net/20220921_15/1663720961998NUVuK_JPEG/64856857657071623_116918376.jpg?type=f296_296
오하우,오하우,오하우 스테인리스 빨대 5종세트 다회용 휴대용 제로웨이스트,5000,5000,https://smartstore.naver.com/o-how/products/6119229003,https://shop-phinf.pstatic.net/20220811_46/1660183463463PjrND_JPEG/61319243186025493_2130892934.jpg?type=f296_296
오하우,오하우,오하우 제로웨이스트키트 천연수세미 5종 세트 집들이 답례품 판촉물,8900,8900,https://smartstore.naver.com/o-how/products/6119214318,https://shop-phinf.pstatic.net/20220802_142/1659430214600hnrh4_PNG/60566060241042766_344569601.png?type=f296_296
오하우,오하우,오하우 천연비누답례품 올인원 비건 바디워시바 3P 오렌지당근 A세트,9900,9900,https://smartstore.naver.com/o-how/products/6119204742,https://shop-phinf.pstatic.net/20220804_56/1659591164930BR22J_PNG/60727010607627751_1597538781.png?type=f296_296
오하우,오하우,오하우 스테인리스 다회용 스텐 곡선 일자 빨대,1000,1000,https://smartstore.naver.com/o-how/products/6113792167,https://shop-phinf.pstatic.net/20211221_99/1640060687238WJkxE_JPEG/41196466945302880_1068893872.jpg?type=f296_296
오하우,오하우,오하우 우리곡물 설거지비누 160g 3개+비누받침대 제로웨이스트키트 답례품,13800,13800,https://smartstore.naver.com/o-how/products/6113275754,https://shop-phinf.pstatic.net/20220804_234/1659594554897Tbl3Y_PNG/60730443527755785_560074931.png?type=f296_296
오하우,오하우,오하우 업사이클링 신문지 재생 지우개 연필 8종세트 연필깎이 문구세트,5000,5000,https://smartstore.naver.com/o-how/products/6113226250,https://shop-phinf.pstatic.net/20230411_142/1681193302454yieQb_JPEG/8495986316600264_385577594.jpg?type=f296_296
오하우,오하우,오하우 스텐 병솔집게 텀블러 젖병 세척솔,1500,1500,https://smartstore.naver.com/o-how/products/6055981525,https://shop-phinf.pstatic.net/20220811_108/1660182466667lJQtz_JPEG/61318309381249099_1448174883.jpg?type=f296_296
오하우,오하우,오하우 천연 양모볼 건조기 울 드라이볼 6P 파우치세트,8800,8800,https://smartstore.naver.com/o-how/products/6050674938,https://shop-phinf.pstatic.net/20211129_116/1638171924807NHpmY_JPEG/39307767516585542_1199364353.jpg?type=f296_296
오하우,오하우,오하우 플레인 인센스홀더 핸드메이드 우드,7500,7500,https://smartstore.naver.com/o-how/products/6044042530,https://shop-phinf.pstatic.net/20220812_99/16602691478474uvtf_JPEG/61404993410899730_1479303001.jpg?type=f296_296
오하우,오하우,오하우 스텐 칫솔걸이 무타공 칫솔꽂이 거치대,2500,2500,https://smartstore.naver.com/o-how/products/6044010133,https://shop-phinf.pstatic.net/20230531_276/1685503813406tNfsh_JPEG/429501492712407_417506159.jpg?type=f296_296
오하우,오하우,오하우 규조토 현무암 비누받침대 핸드메이드 천연 광물,9900,9900,https://smartstore.naver.com/o-how/products/6038071431,https://shop-phinf.pstatic.net/20211124_109/1637735102602rT8rC_JPEG/38871001269511558_588196328.jpg?type=f296_296
오하우,오하우,오하우 캡슐세제 보관통 용기 식세기 식기세척기 세탁세제 틴케이스,5500,5500,https://smartstore.naver.com/o-how/products/5905696965,https://shop-phinf.pstatic.net/20210907_29/1631004349417Rm9LK_JPEG/32140245096276727_1432327473.jpg?type=f296_296
오하우,오하우,오하우 조르단 그린클린 미니 키즈 유아 재생플라스틱 친환경 어린이 칫솔,3900,3900,https://smartstore.naver.com/o-how/products/5898714403,https://shop-phinf.pstatic.net/20230105_43/1672882426344SGrrl_JPEG/74018206038452731_2145018363.jpg?type=f296_296
오하우,오하우,오하우 조르단 그린클린 울트라소프트 재생플라스틱 친환경 칫솔,4300,4300,https://smartstore.naver.com/o-how/products/5893387292,https://shop-phinf.pstatic.net/20230104_192/1672817697251EMkyo_JPEG/73953525069107965_92417289.jpg?type=f296_296
오하우,오하우,오하우 조르단 그린클린 소프트 재생플라스틱 친환경 칫솔,3900,3900,https://smartstore.naver.com/o-how/products/5893272591,https://shop-phinf.pstatic.net/20230104_286/1672818589126BklSh_JPEG/73954477840967079_2084862763.jpg?type=f296_296
오하우,오하우,3+1 오하우 천연 섬유유연제 70개입 캡슐세제 그린등급 아기세제,12500,12500,https://smartstore.naver.com/o-how/products/5887799899,https://shop-phinf.pstatic.net/20210927_280/1632728403809c96HR_JPEG/33864299513326915_728635236.jpg?type=f296_296
오하우,오하우,오하우 크라프트 종이 쇼핑백 친환경 선물포장,1000,1000,https://smartstore.naver.com/o-how/products/5865583252,https://shop-phinf.pstatic.net/20230224_248/1677211260041l0QnD_JPEG/78347148745721343_810982370.jpg?type=f296_296
오하우,오하우,오하우 순수쑥 설거지비누 250g 대용량 설거지바,5600,5600,https://smartstore.naver.com/o-how/products/5860864723,https://shop-phinf.pstatic.net/20210915_297/16316859408124TrYC_PNG/32821724447869161_361269446.png?type=f296_296
오하우,오하우,3+1 오하우 천연 세탁세제 70개입 캡슐세제 그린등급 아기세제,13500,13500,https://smartstore.naver.com/o-how/products/5847072648,https://shop-phinf.pstatic.net/20210907_20/1631004350160tiRXn_JPEG/32140245842510934_2064847762.jpg?type=f296_296
오하우,오하우,오하우 팔로산토 스머지 스틱 천연 인센스 50g 디퓨저 아로마 방향제 실내탈취제 우드스틱,6160,8800,https://smartstore.naver.com/o-how/products/5803598558,https://shop-phinf.pstatic.net/20220302_47/16461793737864ykrH_JPEG/47315219174264823_1432853441.jpg?type=f296_296
오하우,오하우,오하우 미니 원형 알루미늄 틴케이스 휴대용 약통 고체치약 보관함 소형,600,600,https://smartstore.naver.com/o-how/products/5779695551,https://shop-phinf.pstatic.net/20221024_223/166657428834143Ajp_JPEG/67710134050769535_2027438826.jpg?type=f296_296
오하우,오하우,오하우 냉장고탈취제 김치냄새제거 4개입,12900,12900,https://smartstore.naver.com/o-how/products/5779392466,https://shop-phinf.pstatic.net/20210810_224/1628574615501PVyuW_JPEG/29710511232700362_807145952.jpg?type=f296_296
오하우,오하우,오하우 스텐304 다용도 S고리 후크 가방걸이 5P 세트,700,700,https://smartstore.naver.com/o-how/products/5762489272,https://shop-phinf.pstatic.net/20220824_291/1661315365141HR9Bz_JPEG/62451192965974904_544992741.jpg?type=f296_296
오하우,오하우,오하우 빨아쓰는 숨쉬기 편한 다회용 패션 쿨마스크,1800,1800,https://smartstore.naver.com/o-how/products/5759099922,https://shop-phinf.pstatic.net/20220824_259/1661314099659DVIjQ_JPEG/62449998347615989_1862499385.jpg?type=f296_296
오하우,오하우,오하우 부드러운 저자극 순면 샤워볼 샤워타올,2000,2000,https://smartstore.naver.com/o-how/products/5758936591,https://shop-phinf.pstatic.net/20220811_227/1660183947724MRoS1_JPEG/61319836434052277_201009776.jpg?type=f296_296
오하우,오하우,오하우 강화 소창 행주 1겹 무형광 아기수건 제로웨이스트,2500,2500,https://smartstore.naver.com/o-how/products/5751436257,https://shop-phinf.pstatic.net/20220921_15/1663720961998NUVuK_JPEG/64856857657071623_116918376.jpg?type=f296_296
오하우,오하우,오하우 순면 저자극 세안망 비누거품망,1200,1200,https://smartstore.naver.com/o-how/products/5747180140,https://shop-phinf.pstatic.net/20220811_194/166018280805741tcU_JPEG/61318650733598650_789996113.jpg?type=f296_296
오하우,오하우,오하우 대나무칫솔 유아 어린이 KC인증 제로웨이스트 판촉물,900,900,https://smartstore.naver.com/o-how/products/5746765002,https://shop-phinf.pstatic.net/20230217_119/1676600633491yxq4q_JPEG/77736476181564655_597976688.jpg?type=f296_296
오하우,오하우,오하우 고체 주방 설거지바 우리곡물 설거지비누 160g,4600,4600,https://smartstore.naver.com/o-how/products/5738240295,https://shop-phinf.pstatic.net/20221013_172/1665638428432S4i4X_JPEG/66774263264921519_688027737.jpg?type=f296_296
오하우,오하우,오하우 메르시 라탄 린넨 연예인에코백,8800,8800,https://smartstore.naver.com/o-how/products/5728964806,https://shop-phinf.pstatic.net/20220627_124/1656306145162j1da4_JPEG/57441924659595497_1462611762.jpg?type=f296_296
오하우,오하우,오하우 면 손수건 등산수건 국내제작 답례품 판촉물,3500,3500,https://smartstore.naver.com/o-how/products/5728891978,https://shop-phinf.pstatic.net/20221014_289/1665734235797Yxt2L_JPEG/66870015508312286_1074375697.jpg?type=f296_296
오하우,오하우,오하우 숨쉬기 편한 다회용 린넨 면 마스크,3500,3500,https://smartstore.naver.com/o-how/products/5723108056,https://shop-phinf.pstatic.net/20210716_50/1626402998786iHJTL_JPEG/27538841498751910_1181468363.jpg?type=f296_296
동구밭,동구밭,동구밭 지성 올바른 천연샴푸바 고체 순한 샴푸비누 제로웨이스트,9500,9500,https://brand.naver.com동구밭 지성 올바른 천연샴푸바 고체 순한 샴푸비누 제로웨이스트,https://shop-phinf.pstatic.net/20220921_17/1663730156018d5Mfl_JPEG/64866051556647331_300768064.jpg?type=f296_296
동구밭,동구밭,동구밭 중건성 올바른 천연샴푸바 순한 두피 고체비누 제로웨이스트,9500,9500,https://brand.naver.com동구밭 중건성 올바른 천연샴푸바 순한 두피 고체비누 제로웨이스트,https://shop-phinf.pstatic.net/20220525_43/1653463748311fapDF_PNG/54599590880784695_2097784074.png?type=f296_296
동구밭,동구밭,동구밭 올바른 헤어 트리트먼트바 비누 단백질 극손상 모발 고체 천연 비누,9500,9500,https://brand.naver.com동구밭 올바른 헤어 트리트먼트바 비누 단백질 극손상 모발 고체 천연 비누,https://shop-phinf.pstatic.net/20220525_185/1653464483391XiwK2_PNG/54600325522683818_173099687.png?type=f296_296
동구밭,동구밭,동구밭 샴푸바 민감용 어성초 약산성 비누,11000,11000,https://brand.naver.com동구밭 샴푸바 민감용 어성초 약산성 비누,https://shop-phinf.pstatic.net/20221130_176/1669769032773hKh91_JPEG/70904867457499755_2010827525.jpg?type=f296_296
동구밭,동구밭,동구밭 올바른 샴푸바 (4종) 고체 두피 순한 머리비누 제로웨이스트 샴푸바 중건성용,9500,9500,https://brand.naver.com동구밭 올바른 샴푸바 (4종) 고체 두피 순한 머리비누 제로웨이스트 샴푸바 중건성용,https://shop-phinf.pstatic.net/20230208_68/1675821997559yiaUe_PNG/3124681335553021_425192012.png?type=f296_296
동구밭,동구밭,Better than Liquid 여행용3종 휴대용 천연세수 올인원 세안비누 제로웨이스트,9500,9500,https://brand.naver.comBetter than Liquid 여행용3종 휴대용 천연세수 올인원 세안비누 제로웨이스트,https://shop-phinf.pstatic.net/20220525_17/1653464398475u7Inx_PNG/54600182127693822_1343617182.png?type=f296_296
동구밭,동구밭,동구밭 쿨링 올바른 천연샴푸바 시원한 약산성 쿨 고체비누 제로웨이스트,9500,9500,https://brand.naver.com동구밭 쿨링 올바른 천연샴푸바 시원한 약산성 쿨 고체비누 제로웨이스트,https://shop-phinf.pstatic.net/20220525_221/1653464618761Rc7DN_PNG/54600514078309718_879929800.png?type=f296_296
동구밭,동구밭,3입+비누망증정 동구밭 올바른 고체샴푸비누 제로웨이스트 샴푸바 지성용,32500,32500,https://brand.naver.com3입+비누망증정 동구밭 올바른 고체샴푸비누 제로웨이스트 샴푸바 지성용,https://shop-phinf.pstatic.net/20220128_147/1643351330806hpE4v_JPEG/44487219413382980_614675766.jpg?type=f296_296
동구밭,동구밭,동구밭 올바른 린스바 두피 헤어 순한 고체 컨디셔너 비누 제로웨이스트 천연 비누,9500,9500,https://brand.naver.com동구밭 올바른 린스바 두피 헤어 순한 고체 컨디셔너 비누 제로웨이스트 천연 비누,https://shop-phinf.pstatic.net/20220525_168/1653464519665066La_PNG/54600353422847401_1827993585.png?type=f296_296
동구밭,동구밭,동구밭 고체 헤어 트리트먼트바+린스바,19000,19000,https://brand.naver.com동구밭 고체 헤어 트리트먼트바+린스바,https://shop-phinf.pstatic.net/20220920_8/1663628589630Ndivt_PNG/64764417396947413_990036267.png?type=f296_296
동구밭,동구밭,동구밭 건성용 고체 샴푸바 비누,9500,9500,https://brand.naver.com동구밭 건성용 고체 샴푸바 비누,https://shop-phinf.pstatic.net/20220525_4/1653464829133aIePK_PNG/54600656434656513_1696645423.png?type=f296_296
동구밭,동구밭,동구밭 비건 손상모 보호 트리트먼트바 동백 100g,15000,15000,https://brand.naver.com동구밭 비건 손상모 보호 트리트먼트바 동백 100g,https://shop-phinf.pstatic.net/20230113_263/16735847719418sxHq_PNG/74720599741319609_1575003155.png?type=f296_296
동구밭,동구밭,[샴푸바+세수비누세트] 고체 천연 비누샴푸 제로웨이스트 샴푸바 중건성용 케일 비누,14500,14500,https://brand.naver.com[샴푸바+세수비누세트] 고체 천연 비누샴푸 제로웨이스트 샴푸바 중건성용 케일 비누,https://shop-phinf.pstatic.net/20230208_22/1675834998529ura3U_PNG/76970887213136431_992420619.png?type=f296_296
동구밭,동구밭,동구밭 비건 손상모 영양 샴푸바 동백 100g,15000,15000,https://brand.naver.com동구밭 비건 손상모 영양 샴푸바 동백 100g,https://shop-phinf.pstatic.net/20230113_21/1673584790860Y55YY_PNG/74720618662531510_1438099905.png?type=f296_296
동구밭,동구밭,동구밭 올인원 아기비누 알로에 천연비누 약산성,9500,9500,https://brand.naver.com동구밭 올인원 아기비누 알로에 천연비누 약산성,https://shop-phinf.pstatic.net/20220525_232/16534635211748Do73_PNG/54599363838767767_137151800.png?type=f296_296
동구밭,동구밭,동구밭 케일 세안 cp 천연비누 가꿈비누 답례품 선물 천연 비누,5000,5000,https://brand.naver.com동구밭 케일 세안 cp 천연비누 가꿈비누 답례품 선물 천연 비누,https://shop-phinf.pstatic.net/20221215_243/16710851104978xaky_PNG/72220944297727841_250934206.png?type=f296_296
동구밭,동구밭,동구밭 페이스 앤 바디바 레몬그라스 올인원 병풀,11000,11000,https://brand.naver.com동구밭 페이스 앤 바디바 레몬그라스 올인원 병풀,https://shop-phinf.pstatic.net/20230118_261/1674005236884ph1Gc_JPEG/75141020592447102_665891660.jpg?type=f296_296
동구밭,동구밭,Better than Liquid 여행용3종 휴대용 천연세수 올인원 세안비누 제로웨이스트,9500,9500,https://brand.naver.comBetter than Liquid 여행용3종 휴대용 천연세수 올인원 세안비누 제로웨이스트,https://shop-phinf.pstatic.net/20220525_17/1653464398475u7Inx_PNG/54600182127693822_1343617182.png?type=f296_296
동구밭,동구밭,동구밭 오이 가지 바디비누 가꿈비누 건성 샤워 바디솝 제로웨이스트 천연 비누,6000,6000,https://brand.naver.com동구밭 오이 가지 바디비누 가꿈비누 건성 샤워 바디솝 제로웨이스트 천연 비누,https://shop-phinf.pstatic.net/20221215_259/1671085053156xtofn_PNG/72220886890333772_163622101.png?type=f296_296
동구밭,동구밭,동구밭 바질 가꿈비누 세안 cp 순한 숙성 순한 화장 클렌징바 천연 비누,5000,5000,https://brand.naver.com동구밭 바질 가꿈비누 세안 cp 순한 숙성 순한 화장 클렌징바 천연 비누,https://shop-phinf.pstatic.net/20221215_23/1671085133665w3CcU_PNG/72220967461463767_1761186332.png?type=f296_296
동구밭,동구밭,동구밭 올바른 천연 미니비누 노니 세수 식물성 바디솝 제로웨이스트 세안 클렌징바,3800,3800,https://brand.naver.com동구밭 올바른 천연 미니비누 노니 세수 식물성 바디솝 제로웨이스트 세안 클렌징바,https://shop-phinf.pstatic.net/20221027_61/166684552486952kjp_PNG/67981370556519035_1498369594.png?type=f296_296
동구밭,동구밭,동구밭 바디 가꿈비누 페퍼민트 편백 피톤치드 목욕 샤워 바디바 천연 비누,5500,5500,https://brand.naver.com동구밭 바디 가꿈비누 페퍼민트 편백 피톤치드 목욕 샤워 바디바 천연 비누,https://shop-phinf.pstatic.net/20221215_203/1671085020939kW5wR_PNG/72220854739271698_1835503279.png?type=f296_296
동구밭,동구밭,동구밭 상추 세안 cp 비누 가꿈비누 순한 화장 클렌징솝 제로웨이스트 천연 비누,5000,5000,https://brand.naver.com동구밭 상추 세안 cp 비누 가꿈비누 순한 화장 클렌징솝 제로웨이스트 천연 비누,https://shop-phinf.pstatic.net/20221215_25/1671091653023MLjQ9_PNG/72227551717299264_296931752.png?type=f296_296
동구밭,동구밭,동구밭 올바른 cp세안비누 콜라겐 코코넛오일 순한 클렌징바,9500,9500,https://brand.naver.com동구밭 올바른 cp세안비누 콜라겐 코코넛오일 순한 클렌징바,https://shop-phinf.pstatic.net/20220525_93/1653463474843KGk7M_PNG/54599317487167871_2070575238.png?type=f296_296
동구밭,동구밭,동구밭 올바른 노니 샤워비누 바디워시 솝 어성초 피부 진정 바디바 천연 비누,9500,9500,https://brand.naver.com동구밭 올바른 노니 샤워비누 바디워시 솝 어성초 피부 진정 바디바 천연 비누,https://shop-phinf.pstatic.net/20220525_7/16534634020255lBnI_PNG/54599244710543581_2096622577.png?type=f296_296
동구밭,동구밭,동구밭 올바른 바디스크럽바 씨솔트,12000,12000,https://brand.naver.com동구밭 올바른 바디스크럽바 씨솔트,https://shop-phinf.pstatic.net/20220525_64/1653464939893lDGSA_PNG/54600767558384649_1108956294.png?type=f296_296
동구밭,동구밭,삼베비누망 증정 동구밭 올인원 비누 3종 세트,34500,34500,https://brand.naver.com삼베비누망 증정 동구밭 올인원 비누 3종 세트,https://shop-phinf.pstatic.net/20230215_269/16764369790569SDig_PNG/77572812800885868_1881001744.png?type=f296_296
동구밭,동구밭,동구밭 앰플 세안바 다시마 폼클렌징,18000,18000,https://brand.naver.com동구밭 앰플 세안바 다시마 폼클렌징,https://shop-phinf.pstatic.net/20230210_129/1675995513999K4aAF_JPEG/77131412702692387_216368934.jpg?type=f296_296
동구밭,동구밭,동구밭 가꿈비누 5종 천연 세안 친환경 세수비누 수제 CP숙성 클렌징바 제로웨이스트,26500,26500,https://brand.naver.com동구밭 가꿈비누 5종 천연 세안 친환경 세수비누 수제 CP숙성 클렌징바 제로웨이스트,https://shop-phinf.pstatic.net/20221215_253/1671084544071Id192_PNG/72220327723170902_2123612332.png?type=f296_296
동구밭,동구밭,[3+1] 동구밭 거품입욕제 목욕제 아로마 배쓰밤 온천 스파 천연 반신욕 버블바 족욕,21000,21000,https://brand.naver.com[3+1] 동구밭 거품입욕제 목욕제 아로마 배쓰밤 온천 스파 천연 반신욕 버블바 족욕,https://shop-phinf.pstatic.net/20220404_199/1649040431054J92nT_PNG/50176276364433360_926449211.png?type=f296_296
동구밭,동구밭,동구밭 시어버터 올바른 핸드크림 핸드밤,13000,13000,https://brand.naver.com동구밭 시어버터 올바른 핸드크림 핸드밤,https://shop-phinf.pstatic.net/20230317_86/1679023274815WquPt_JPEG/80159117519272245_50473011.jpg?type=f296_296
동구밭,동구밭,동구밭 발샴푸 비누 대나무 목초액 풋 케어 샴푸바 발냄새 각질 케어 천연 비누,11500,11500,https://brand.naver.com동구밭 발샴푸 비누 대나무 목초액 풋 케어 샴푸바 발냄새 각질 케어 천연 비누,https://shop-phinf.pstatic.net/20220525_162/1653465099864WI6P6_PNG/54600927160626345_181279438.png?type=f296_296
동구밭,동구밭,동구밭 올바른 고체바디로션바 시어버터,18000,18000,https://brand.naver.com동구밭 올바른 고체바디로션바 시어버터,https://shop-phinf.pstatic.net/20220525_10/1653465226133KCGSo_PNG/54601005752272958_1958040088.png?type=f296_296
동구밭,동구밭,동구밭 배쓰밤 아로마입욕제 2종세트,17000,17000,https://brand.naver.com동구밭 배쓰밤 아로마입욕제 2종세트,https://shop-phinf.pstatic.net/20220527_201/1653640696075f84XU_PNG/54776541297851816_581265255.png?type=f296_296
동구밭,동구밭,동구밭 레몬그라스 거품입욕제 목욕 배쓰밤 온천 스파 반신욕 족욕 천연 비누,7000,7000,https://brand.naver.com동구밭 레몬그라스 거품입욕제 목욕 배쓰밤 온천 스파 반신욕 족욕 천연 비누,https://shop-phinf.pstatic.net/20220525_187/1653465758571jEk4J_PNG/54601558961425948_974996522.png?type=f296_296
동구밭,동구밭,동구밭 로즈마리 배쓰밤 아로마입욕제,9000,9000,https://brand.naver.com동구밭 로즈마리 배쓰밤 아로마입욕제,https://shop-phinf.pstatic.net/20220615_226/16552816239275oYp0_JPEG/56417458577612176_2103736809.jpg?type=f296_296
동구밭,동구밭,동구밭 카렌둘라 배쓰밤 아로마입욕제,9000,9000,https://brand.naver.com동구밭 카렌둘라 배쓰밤 아로마입욕제,https://shop-phinf.pstatic.net/20220615_222/1655281975508KoBSI_JPEG/56417810256975608_269019571.jpg?type=f296_296
동구밭,동구밭,동구밭 페퍼민트 거품입욕제 목욕 배쓰밤 온천 스파 반신욕 족욕 천연 비누,7000,7000,https://brand.naver.com동구밭 페퍼민트 거품입욕제 목욕 배쓰밤 온천 스파 반신욕 족욕 천연 비누,https://shop-phinf.pstatic.net/20220525_101/165346585707053hpp_PNG/54601702602923830_1090600449.png?type=f296_296
동구밭,동구밭,동구밭 로즈 거품입욕제 목욕 배쓰밤 온천 스파 반신욕 족욕 천연 비누,7000,7000,https://brand.naver.com동구밭 로즈 거품입욕제 목욕 배쓰밤 온천 스파 반신욕 족욕 천연 비누,https://shop-phinf.pstatic.net/20220525_281/1653465529125FYWFh_PNG/54601374451806840_1827466255.png?type=f296_296
동구밭,동구밭,동구밭 라벤더 거품입욕제 목욕 배쓰밤 온천 스파 반신욕 족욕 천연 비누,7000,7000,https://brand.naver.com동구밭 라벤더 거품입욕제 목욕 배쓰밤 온천 스파 반신욕 족욕 천연 비누,https://shop-phinf.pstatic.net/20220525_8/1653465396258roeX3_PNG/54601241794190044_161493624.png?type=f296_296
동구밭,동구밭,반려시선 저자극 강아지 샴푸바 비건 애견목욕 말티즈 푸들 오트밀 발세정 비누 제로웨이스트,9000,9000,https://brand.naver.com반려시선 저자극 강아지 샴푸바 비건 애견목욕 말티즈 푸들 오트밀 발세정 비누 제로웨이스트,https://shop-phinf.pstatic.net/20230113_151/1673584726189DUi39_PNG/74720568813905307_1671532739.png?type=f296_296
동구밭,동구밭,반려시선 강아지 저자극 발비누 시어버터 120g,13000,13000,https://brand.naver.com반려시선 강아지 저자극 발비누 시어버터 120g,https://shop-phinf.pstatic.net/20220616_284/16553669995805KGPq_JPEG/56502833323790978_122559256.jpg?type=f296_296
동구밭,동구밭,반려시선 무향 고양이전용 샴푸바 저자극 오트밀 비건 목욕비누 샴푸린스 올인원 제로웨이스트,9000,9000,https://brand.naver.com반려시선 무향 고양이전용 샴푸바 저자극 오트밀 비건 목욕비누 샴푸린스 올인원 제로웨이스트,https://shop-phinf.pstatic.net/20230113_84/1673584758344UzM9W_PNG/74720586112792508_657785962.png?type=f296_296
동구밭,동구밭,동구밭 반려시선 강아지스파 보습 탄산입욕제,11500,11500,https://brand.naver.com동구밭 반려시선 강아지스파 보습 탄산입욕제,https://shop-phinf.pstatic.net/20221114_225/1668389768438dzzrp_JPEG/69525667012545813_701666854.jpg?type=f296_296
동구밭,동구밭,동구밭 올바른 강아지 비누 무향 식물성 고체 비누 EWG등급 천연 비누,12000,12000,https://brand.naver.com동구밭 올바른 강아지 비누 무향 식물성 고체 비누 EWG등급 천연 비누,https://shop-phinf.pstatic.net/20220525_287/1653464654263ibP19_PNG/54600489023086188_2017100190.png?type=f296_296
동구밭,동구밭,반려시선 강아지연고 피부건조 발바닥보습 35g,16000,16000,https://brand.naver.com반려시선 강아지연고 피부건조 발바닥보습 35g,https://shop-phinf.pstatic.net/20220616_177/16553670059877nPt8_JPEG/56502839513485930_1049895150.jpg?type=f296_296
동구밭,동구밭,동구밭 풋귤 천연 설거지비누 1kg 워싱바 고체,32000,32000,https://brand.naver.com동구밭 풋귤 천연 설거지비누 1kg 워싱바 고체,https://shop-phinf.pstatic.net/20220805_192/1659680370113GVJh0_JPEG/60816153816979934_1661297188.jpg?type=f296_296
동구밭,동구밭,동구밭 씹는 고체치약 제로웨이스트 180정 대용량 리필,20000,20000,https://brand.naver.com동구밭 씹는 고체치약 제로웨이스트 180정 대용량 리필,https://shop-phinf.pstatic.net/20220711_227/1657501437233Qr1FM_JPEG/58637279943814407_1400472468.jpg?type=f296_296
동구밭,동구밭,동구밭 비건 설거지 탈취 비누 녹차 100g,8000,8000,https://brand.naver.com동구밭 비건 설거지 탈취 비누 녹차 100g,https://shop-phinf.pstatic.net/20230113_294/1673584705160kiJb1_PNG/74720547849860786_2081608871.png?type=f296_296
동구밭,동구밭,천연 설거지비누 고체워싱바 무화과 500g,28000,28000,https://brand.naver.com천연 설거지비누 고체워싱바 무화과 500g,https://shop-phinf.pstatic.net/20221125_212/166933689993391nui_JPEG/70472734561563419_2081520584.jpg?type=f296_296
동구밭,동구밭,천연 설거지비누 고체워싱바 무화과 100g,6500,6500,https://brand.naver.com천연 설거지비누 고체워싱바 무화과 100g,https://shop-phinf.pstatic.net/20221125_43/16693580127421Mr1x_JPEG/70493847418971244_2057983826.jpg?type=f296_296
동구밭,동구밭,동구밭 인센스스틱 고요의 숲 실내 나무 향,18000,18000,https://brand.naver.com동구밭 인센스스틱 고요의 숲 실내 나무 향,https://shop-phinf.pstatic.net/20220914_80/1663115324690sdqbY_PNG/64251159442796748_2007493657.png?type=f296_296
동구밭,동구밭,동구밭 타블렛 올인원 식기세척기 세제 240g,16000,16000,https://brand.naver.com동구밭 타블렛 올인원 식기세척기 세제 240g,https://shop-phinf.pstatic.net/20220817_129/1660721807557JkGnD_JPEG/61857703232829889_1100155527.jpg?type=f296_296
동구밭,동구밭,동구밭 풋귤 천연 설거지비누 150g 워싱바 고체 안심세제 친환경 제로웨이스트,7500,7500,https://brand.naver.com동구밭 풋귤 천연 설거지비누 150g 워싱바 고체 안심세제 친환경 제로웨이스트,https://shop-phinf.pstatic.net/20220805_192/1659680370113GVJh0_JPEG/60816153816979934_1661297188.jpg?type=f296_296
동구밭,동구밭,동구밭 씹는 고체치약 제로웨이스트 45정,11000,11000,https://brand.naver.com동구밭 씹는 고체치약 제로웨이스트 45정,https://shop-phinf.pstatic.net/20220711_290/1657501431605bRezX_JPEG/58637274315185172_2004964843.jpg?type=f296_296
동구밭,동구밭,동구밭 풋귤 천연 설거지비누 워싱바 100g 고체 안심세제 친환경 제로웨이스트,5000,5000,https://brand.naver.com동구밭 풋귤 천연 설거지비누 워싱바 100g 고체 안심세제 친환경 제로웨이스트,https://shop-phinf.pstatic.net/20220525_225/16534644489633E092_PNG/54600283331149290_694305622.png?type=f296_296
동구밭,동구밭,[1+1] 동구밭 지구살림 고체섬유유연제 안전한 무향 아기 속옷 친환경 드럼세탁기 캡슐 섬유린스,24000,24000,https://brand.naver.com[1+1] 동구밭 지구살림 고체섬유유연제 안전한 무향 아기 속옷 친환경 드럼세탁기 캡슐 섬유린스,https://shop-phinf.pstatic.net/20220525_6/1653464636192n1wSO_PNG/54600415899903426_310910436.png?type=f296_296
동구밭,동구밭,동구밭 지구살림 친환경 고체세탁세제 70정 아기 속옷 드럼 통돌이 효소 캡슐,29000,29000,https://brand.naver.com동구밭 지구살림 친환경 고체세탁세제 70정 아기 속옷 드럼 통돌이 효소 캡슐,https://shop-phinf.pstatic.net/20220525_162/1653464579801r3HzT_PNG/54600468463484538_984608657.png?type=f296_296
동구밭,동구밭,동구밭 올바른 친환경 세탁비누 200g,4000,4000,https://brand.naver.com동구밭 올바른 친환경 세탁비누 200g,https://shop-phinf.pstatic.net/20220525_213/1653465170402C4rnl_PNG/54600998000472834_994372956.png?type=f296_296
동구밭,동구밭,동구밭 소프넛열매 세탁비누,7000,7000,https://brand.naver.com동구밭 소프넛열매 세탁비누,https://shop-phinf.pstatic.net/20220525_291/1653464766699Kb1SR_PNG/54600593441899126_770526145.png?type=f296_296
동구밭,동구밭,동구밭 설거지비누 고체워싱바 대용량 1000g,28000,28000,https://brand.naver.com동구밭 설거지비누 고체워싱바 대용량 1000g,https://shop-phinf.pstatic.net/20220525_208/1653464317431NjdFd_PNG/54600101030746941_366756391.png?type=f296_296
동구밭,동구밭,동구밭 고체설거지비누 워싱바 400g,12000,12000,https://brand.naver.com동구밭 고체설거지비누 워싱바 400g,https://shop-phinf.pstatic.net/20220525_255/1653463423603fXcm7_PNG/54599266298959357_412117153.png?type=f296_296
동구밭,동구밭,동구밭 주방설거지비누 워싱바 300g,10000,10000,https://brand.naver.com동구밭 주방설거지비누 워싱바 300g,https://shop-phinf.pstatic.net/20220525_64/1653464846217LPFLq_PNG/54600673401424739_1819123494.png?type=f296_296
동구밭,동구밭,동구밭 주방비누 고체워싱바 200g,8000,8000,https://brand.naver.com동구밭 주방비누 고체워싱바 200g,https://shop-phinf.pstatic.net/20220525_26/1653464963946knSMc_PNG/54600859662233785_26173777.png?type=f296_296
동구밭,동구밭,동구밭 설거지바 워싱바비누 100g,5000,5000,https://brand.naver.com동구밭 설거지바 워싱바비누 100g,https://shop-phinf.pstatic.net/20220525_14/16534646999082r0SL_PNG/54600534685555541_80427091.png?type=f296_296
동구밭,동구밭,올바른 설거지 워싱바 선물세트,32000,32000,https://brand.naver.com올바른 설거지 워싱바 선물세트,https://shop-phinf.pstatic.net/20220823_91/1661216216829f9ojb_PNG/62352050585835307_860117366.png?type=f296_296
동구밭,동구밭,동구밭 주방용 설거지 대형수세미 제로웨이스트 샵 플라스틱프리 천연 비누,4500,4500,https://brand.naver.com동구밭 주방용 설거지 대형수세미 제로웨이스트 샵 플라스틱프리 천연 비누,https://shop-phinf.pstatic.net/20220525_211/1653464597366fFktf_PNG/54600431117388469_899794755.png?type=f296_296
동구밭,동구밭,동구밭 레몬향 설거지바세트 과일야채 젖병세척 1종 플라스틱프리 주방비누(150gX4개+500gX1개+수세미기본형X2개+규조토받침X1개),55500,55500,https://brand.naver.com동구밭 레몬향 설거지바세트 과일야채 젖병세척 1종 플라스틱프리 주방비누(150gX4개+500gX1개+수세미기본형X2개+규조토받침X1개),https://shop-phinf.pstatic.net/20211227_70/1640566032163QbOEh_PNG/41701865948085668_934327953.png?type=f296_296
동구밭,동구밭,동구밭 올바른 주방비누 고체 천연설거지바 제로웨이스트 설거지비누 200g,8000,8000,https://brand.naver.com동구밭 올바른 주방비누 고체 천연설거지바 제로웨이스트 설거지비누 200g,https://shop-phinf.pstatic.net/20211012_156/1634006984154hJ4TQ_JPEG/35142829765806469_270189953.jpg?type=f296_296
동구밭,동구밭,동구밭 제로웨이스트 첫걸음패키지 저자극 맨손 설거지비누 1종 주방워싱바,25500,25500,https://brand.naver.com동구밭 제로웨이스트 첫걸음패키지 저자극 맨손 설거지비누 1종 주방워싱바,https://shop-phinf.pstatic.net/20211224_263/1640328772933n2DkV_PNG/41464661407755331_1212365549.png?type=f296_296
동구밭,동구밭,동구밭 주방용 설거지 수세미 제로웨이스트 샵 플라스틱프리,4000,4000,https://brand.naver.com동구밭 주방용 설거지 수세미 제로웨이스트 샵 플라스틱프리,https://shop-phinf.pstatic.net/20220525_264/1653464421142aOE71_PNG/54600255793210143_1740382582.png?type=f296_296
동구밭,동구밭,동구밭 올바른 설거지비누150g 주방 설거지바 cp 고체 워싱바 제로웨이스트 천연 비누,6000,6000,https://brand.naver.com동구밭 올바른 설거지비누150g 주방 설거지바 cp 고체 워싱바 제로웨이스트 천연 비누,https://shop-phinf.pstatic.net/20220525_127/1653464996723yYaNW_PNG/54600780375777957_404714685.png?type=f296_296
동구밭,동구밭,동구밭 1종 설거지비누 500g 설거지바 올바른 설거지워싱바 고체 대용량 주방세제 천연 비누,14000,14000,https://brand.naver.com동구밭 1종 설거지비누 500g 설거지바 올바른 설거지워싱바 고체 대용량 주방세제 천연 비누,https://shop-phinf.pstatic.net/20220525_208/1653464317431NjdFd_PNG/54600101030746941_366756391.png?type=f296_296
동구밭,동구밭,동구밭 순면100% 비누 세안망 거품망 버블망 제로웨이스트,4000,4000,https://brand.naver.com동구밭 순면100% 비누 세안망 거품망 버블망 제로웨이스트,https://shop-phinf.pstatic.net/20220525_198/1653463614404CEuk9_PNG/54599457047849986_1743188428.png?type=f296_296
동구밭,동구밭,동구밭 주방용 설거지 대형수세미 제로웨이스트 샵 플라스틱프리 천연 비누,4500,4500,https://brand.naver.com동구밭 주방용 설거지 대형수세미 제로웨이스트 샵 플라스틱프리 천연 비누,https://shop-phinf.pstatic.net/20220525_211/1653464597366fFktf_PNG/54600431117388469_899794755.png?type=f296_296
동구밭,동구밭,동구밭 주방용 설거지 수세미 제로웨이스트 샵 플라스틱프리,4000,4000,https://brand.naver.com동구밭 주방용 설거지 수세미 제로웨이스트 샵 플라스틱프리,https://shop-phinf.pstatic.net/20220525_264/1653464421142aOE71_PNG/54600255793210143_1740382582.png?type=f296_296
동구밭,동구밭,동구밭 종이 쇼핑백(소),1500,1500,https://brand.naver.com동구밭 종이 쇼핑백(소),https://shop-phinf.pstatic.net/20221202_290/1669946622459S6XEk_PNG/71082406172156973_490835795.png?type=f296_296
동구밭,동구밭,동구밭 생분해 삼베 비누망,3000,3000,https://brand.naver.com동구밭 생분해 삼베 비누망,https://shop-phinf.pstatic.net/20220525_87/1653464361509mNJwC_PNG/54600250178945551_242836407.png?type=f296_296
동구밭,동구밭,동구밭 친환경 곤약스펀지 얼굴 세안용,5000,5000,https://brand.naver.com동구밭 친환경 곤약스펀지 얼굴 세안용,https://shop-phinf.pstatic.net/20220525_216/1653464878073XmALT_PNG/54600661358453775_971994574.png?type=f296_296
동구밭,동구밭,동구밭 시그니처 비누 받침대,26000,26000,https://brand.naver.com동구밭 시그니처 비누 받침대,https://shop-phinf.pstatic.net/20230413_116/1681352049462esxVM_JPEG/82487876969384005_388000653.jpg?type=f296_296
동구밭,동구밭,동구밭 스테인리스 다용도 고리 주방 현관 S자 후크 치약집게 캠핑 제로웨이스트,1000,1000,https://brand.naver.com동구밭 스테인리스 다용도 고리 주방 현관 S자 후크 치약집게 캠핑 제로웨이스트,https://shop-phinf.pstatic.net/20220916_201/1663313229047B1qLL_JPEG/64449056820078828_222178002.jpg?type=f296_296
동구밭,동구밭,목화송이 무형광 면손수건,6000,6000,https://brand.naver.com목화송이 무형광 면손수건,https://shop-phinf.pstatic.net/20230512_92/1683869434215NBpD3_JPEG/12187096024084318_359359313.jpg?type=f296_296
동구밭,동구밭,에코어스 소창행주,2000,2000,https://brand.naver.com에코어스 소창행주,https://shop-phinf.pstatic.net/20230331_216/1680252351859cPiuO_PNG/81388179630057536_1637627005.png?type=f296_296
동구밭,동구밭,동구밭 친환경 사이잘삼 비누망,4500,4500,https://brand.naver.com동구밭 친환경 사이잘삼 비누망,https://shop-phinf.pstatic.net/20220525_94/1653464535459XX3hz_PNG/54600377802796963_1195002393.png?type=f296_296
동구밭,동구밭,동구밭 친환경 곤약스펀지 거품샤워타올,9000,9000,https://brand.naver.com동구밭 친환경 곤약스펀지 거품샤워타올,https://shop-phinf.pstatic.net/20220525_136/1653464895849mrFEy_PNG/54600738418424584_1372092246.png?type=f296_296
동구밭,동구밭,목화송이 텀블러 파우치,12000,12000,https://brand.naver.com목화송이 텀블러 파우치,https://shop-phinf.pstatic.net/20230512_44/1683869534435xpaF8_JPEG/2034657761884980_1971329609.jpg?type=f296_296
동구밭,동구밭,동구밭 스테인리스 다용도 고리 4개입,3900,3900,https://brand.naver.com동구밭 스테인리스 다용도 고리 4개입,https://shop-phinf.pstatic.net/20210826_167/1629970597466s7Js6_JPEG/31106443137255742_1284877618.jpg?type=f296_296
동구밭,동구밭,동구밭 규조토 비누받침대 트레이 욕실 세면대 무지 세라믹 물빠짐 제로웨이스트 천연 비누,9500,9500,https://brand.naver.com동구밭 규조토 비누받침대 트레이 욕실 세면대 무지 세라믹 물빠짐 제로웨이스트 천연 비누,https://shop-phinf.pstatic.net/20220525_87/1653465200095w2Ree_PNG/54601042805049786_883342541.png?type=f296_296
동구밭,동구밭,올가 미니 수납 바스켓 세트,9000,9000,https://brand.naver.com올가 미니 수납 바스켓 세트,https://shop-phinf.pstatic.net/20230331_137/1680259843696cdIPD_JPEG/81395677515961219_2127959801.jpg?type=f296_296
동구밭,동구밭,에코어스 생리대 2종,13000,13000,https://brand.naver.com에코어스 생리대 2종,https://shop-phinf.pstatic.net/20230331_158/1680259748108OglQ0_PNG/81395581818466135_2145334729.png?type=f296_296
동구밭,동구밭,올가 미니 바스켓,18000,18000,https://brand.naver.com올가 미니 바스켓,https://shop-phinf.pstatic.net/20230331_183/1680260245816Jo4Mh_JPEG/81396029523394142_158253740.jpg?type=f296_296
동구밭,동구밭,올가 바스켓 3종,16000,16000,https://brand.naver.com올가 바스켓 3종,https://shop-phinf.pstatic.net/20230331_54/168026008141633Yry_JPEG/81395865128491813_21164545.jpg?type=f296_296
동구밭,동구밭,에코어스 팬티 라이너,8600,8600,https://brand.naver.com에코어스 팬티 라이너,https://shop-phinf.pstatic.net/20230331_277/1680259635440KpRL7_JPEG/81395469227228327_1533751595.jpg?type=f296_296
푸른점,루나컵,클래식 스몰 월경컵,45000,34200,https://www.bluestore.kr/store_living/?idx=149,https://cdn.imweb.me/thumbnail/20221114/963bfdb1d9d56.jpg
푸른점,루나컵,쇼티 스몰 월경컵,45000,34200,https://www.bluestore.kr/store_living/?idx=152,https://cdn.imweb.me/thumbnail/20221114/59353099c6971.jpg
푸른점,티읕,티읕 콘돔 리얼센세이션 12개입,17900,13900,https://www.bluestore.kr/store_living/?idx=182,https://cdn.imweb.me/thumbnail/20221120/ea45b03b8cd20.png
푸른점,루나컵,링 타이니 월경컵,45000,34200,https://www.bluestore.kr/store_living/?idx=156,https://cdn.imweb.me/thumbnail/20221114/96ca6c305cb0b.jpg
푸른점,루나컵,쇼티 타이니 월경컵,45000,34200,https://www.bluestore.kr/store_living/?idx=153,https://cdn.imweb.me/thumbnail/20221114/26905fa5f3171.jpg
푸른점,동구밭,지구살림 고체세탁세제 280g,29000,20400,https://www.bluestore.kr/store_living/?idx=267,https://cdn.imweb.me/thumbnail/20230220/715dad099af3a.png
푸른점,티읕,오가닉 캑터스 젤 120ml,29900,26900,https://www.bluestore.kr/store_living/?idx=183,https://cdn.imweb.me/thumbnail/20221120/fa70322f2aaf0.png
푸른점,동구밭,올바른 샴푸바 쿨링용 120g,9500,7140,https://www.bluestore.kr/store_living/?idx=59,https://cdn.imweb.me/thumbnail/20220824/c8f3f769f8d96.png
푸른점,루나컵,클래식 라지 월경컵,45000,34200,https://www.bluestore.kr/store_living/?idx=150,https://cdn.imweb.me/thumbnail/20221114/3cc52659a164a.jpg
푸른점,동구밭,올바른 샴푸바 지성용 120g,9500,7140,https://www.bluestore.kr/store_living/?idx=58,https://cdn.imweb.me/thumbnail/20230215/9b0c7ebd2f156.png
푸른점,루나컵,쇼티 라지 월경컵,45000,34200,https://www.bluestore.kr/store_living/?idx=151,https://cdn.imweb.me/thumbnail/20221114/9356d213f4140.jpg
푸른점,동구밭,올바른 린스바 120g,9500,7650,https://www.bluestore.kr/store_living/?idx=61,https://cdn.imweb.me/thumbnail/20230215/b35759de0c4e4.png
푸른점,동구밭,지구살림 고체섬유유연제 280g,24000,18360,https://www.bluestore.kr/store_living/?idx=75,https://cdn.imweb.me/thumbnail/20220824/40d4321306bce.png
푸른점,동구밭,올바른 샴푸바 중건성용 120g,9500,7140,https://www.bluestore.kr/store_living/?idx=56,https://cdn.imweb.me/thumbnail/20230215/733b0e94ffbbb.png
푸른점,동구밭,가꿈비누 오이가지 100g,6000,4675,https://www.bluestore.kr/store_living/?idx=65,https://cdn.imweb.me/thumbnail/20230215/efb98a49158aa.png
푸른점,동구밭,올바른 트리트먼트바 120g,9500,7650,https://www.bluestore.kr/store_living/?idx=60,https://cdn.imweb.me/thumbnail/20230215/292a1770e3f7e.png
푸른점,동구밭,가꿈비누 상추 100g,5000,3613,https://www.bluestore.kr/store_living/?idx=63,https://cdn.imweb.me/thumbnail/20230215/36dc964d8bf21.png
푸른점,티읕,"초보자도 쉬운 생리컵, 티읕컵",34900,0,https://www.bluestore.kr/store_living/?idx=181,https://cdn.imweb.me/thumbnail/20221120/ba7c43eb16272.jpg
푸른점,루나컵,달품집,16000,12000,https://www.bluestore.kr/store_living/?idx=258,https://cdn.imweb.me/thumbnail/20230203/e426a546ee3e1.jpg
푸른점,매거진쓸,Vol.4,13000,0,https://www.bluestore.kr/store_living/?idx=122,https://cdn.imweb.me/thumbnail/20220901/55d460999afa5.jpeg
푸른점,동구밭,올바른 설거지 워싱바 2종,6000,5015,https://www.bluestore.kr/store_living/?idx=73,https://cdn.imweb.me/thumbnail/20230215/ed73b79454598.png
푸른점,예고은삼베,천연 삼베 행주 겸 보자기,7580,0,https://www.bluestore.kr/store_living/?idx=98,https://cdn.imweb.me/thumbnail/20220828/f44d98fc1cbbd.jpg
푸른점,예고은삼베,천연 삼베 수세미 1개입 3종,3400,0,https://www.bluestore.kr/store_living/?idx=97,https://cdn.imweb.me/thumbnail/20220828/ebed3c3652c68.jpg
푸른점,탄소창고,소중한 컵 2종 6colors,4200,0,https://www.bluestore.kr/store_living/?idx=286,https://cdn.imweb.me/thumbnail/20230301/b9dae9cde73ca.jpg
푸른점,닥터노아,마루 대나무 칫솔 스탠다드 2종,3400,0,https://www.bluestore.kr/store_living/?idx=23,https://cdn.imweb.me/thumbnail/20220813/570422b0e8993.png
푸른점,닥터노아,규조토 칫솔꽂이 2colors,3500,0,https://www.bluestore.kr/store_living/?idx=33,https://cdn.imweb.me/thumbnail/20220813/95962656574df.jpeg
푸른점,동구밭,가꿈비누 페퍼민트 100g,5500,4250,https://www.bluestore.kr/store_living/?idx=66,https://cdn.imweb.me/thumbnail/20230215/27623f7fe9ec4.png
푸른점,동구밭,가꿈비누 케일 100g,5000,3613,https://www.bluestore.kr/store_living/?idx=64,https://cdn.imweb.me/thumbnail/20230215/87e85a97440e6.png
푸른점,동구밭,가꿈비누 바질 100g,5000,3613,https://www.bluestore.kr/store_living/?idx=62,https://cdn.imweb.me/thumbnail/20230215/165289ab3e0c5.png
푸른점,닥터노아,오비츠 자일리톨 고체치약 틴케이스 2colors,8000,0,https://www.bluestore.kr/store_living/?idx=266,https://cdn.imweb.me/thumbnail/20230220/ce02f90cb92af.jpg
푸른점,탄소창고,CXP 소형 칫솔 2종 5colors,3000,0,https://www.bluestore.kr/store_living/?idx=282,https://cdn.imweb.me/thumbnail/20230301/d3ccafa9fb237.jpg
푸른점,동구밭,올바른 샴푸바 민감용 120g,9350,0,https://www.bluestore.kr/store_living/?idx=295,https://cdn.imweb.me/thumbnail/20230306/346217ace593a.png
푸른점,닥터노아,대나무 칫솔 케이스,5500,0,https://www.bluestore.kr/store_living/?idx=30,https://cdn.imweb.me/thumbnail/20220813/b14fb87671d87.jpeg
푸른점,닥터노아,마루 키즈 대나무 칫솔,3400,0,https://www.bluestore.kr/store_living/?idx=25,https://cdn.imweb.me/thumbnail/20220813/ae7bad52b6231.jpeg
푸른점,탄소창고,혀클리너 5colors,2000,0,https://www.bluestore.kr/store_living/?idx=283,https://cdn.imweb.me/thumbnail/20230301/ed747e68792e3.jpg
푸른점,동구밭,페이스 앤 바디바 레몬그라스 120g,9350,0,https://www.bluestore.kr/store_living/?idx=298,https://cdn.imweb.me/thumbnail/20230310/403f0a099eabe.png
푸른점,와이쏘시리얼,시리얼 보울 470ml 3종,9800,0,https://www.bluestore.kr/store_living/?idx=41,https://cdn.imweb.me/thumbnail/20220919/b09b14baa7eda.jpg
푸른점,탄소창고,소담 텀블러 2colors,12000,0,https://www.bluestore.kr/store_living/?idx=277,https://cdn.imweb.me/thumbnail/20230228/773e45fad12fb.jpg
푸른점,탄소창고,든든한 컵 6colors,5500,0,https://www.bluestore.kr/store_living/?idx=276,https://cdn.imweb.me/thumbnail/20230228/1da2cdf2af30b.jpg
푸른점,탄소창고,오목이 비누받침 3colors,3500,0,https://www.bluestore.kr/store_living/?idx=287,https://cdn.imweb.me/thumbnail/20230301/9523593b5c213.jpg
푸른점,닥터노아,마루 치약 120g 2종,6800,0,https://www.bluestore.kr/store_living/?idx=26,https://cdn.imweb.me/thumbnail/20221125/8234f7a6f0af8.png
푸른점,푸른점,제로웨이스트 욕실 트래블러키트,24900,22400,https://www.bluestore.kr/store_living/?idx=237,https://cdn.imweb.me/thumbnail/20221218/2d2b4cd40b82e.jpg
푸른점,동구밭,올바른 강아지 비누 100g,12000,9180,https://www.bluestore.kr/store_living/?idx=76,https://cdn.imweb.me/thumbnail/20220825/37a379020d1c8.png
푸른점,티읕,티읕 무화과 청결제 198ml,31300,24900,https://www.bluestore.kr/store_living/?idx=185,https://cdn.imweb.me/thumbnail/20221120/5ce8faa77276c.jpg
푸른점,티읕,티읕 청결티슈 15매입,9900,8900,https://www.bluestore.kr/store_living/?idx=184,https://cdn.imweb.me/thumbnail/20221120/f5fb2127f02d2.jpg
푸른점,동구밭,올바른 바디로션바 시어버터 100g,18000,13770,https://www.bluestore.kr/store_living/?idx=67,https://cdn.imweb.me/thumbnail/20220824/00a6cbd12ed0c.png
푸른점,이지비건,에어필 비건 워터 틴트 5colors,9500,0,https://www.bluestore.kr/store_living/?idx=221,https://cdn.imweb.me/thumbnail/20221129/94713be6f116b.jpg
푸른점,이지비건,쉼 파우더 비건 팩트 2colors,12000,0,https://www.bluestore.kr/store_living/?idx=222,https://cdn.imweb.me/thumbnail/20221129/e6166f0e3a92d.jpg
푸른점,동구밭,올바른 친환경 세탁비누 200g,4000,3315,https://www.bluestore.kr/store_living/?idx=74,https://cdn.imweb.me/thumbnail/20220824/960dea85d54cd.png
푸른점,예고은삼베,천연 삼베 망사 에코백,9000,0,https://www.bluestore.kr/store_living/?idx=95,https://cdn.imweb.me/thumbnail/20220828/ee4e55b00ae7a.jpeg
푸른점,네이처백,아이폰 13 케이스 3colors,19000,0,https://www.bluestore.kr/store_living/?idx=43,https://cdn.imweb.me/thumbnail/20220818/121427c08bb67.png
푸른점,예고은삼베,친환경 삼베실 2호,6900,0,https://www.bluestore.kr/store_living/?idx=101,https://cdn.imweb.me/thumbnail/20220829/19acb09efddbc.jpg
푸른점,예고은삼베,친환경 삼베실 3호,6900,0,https://www.bluestore.kr/store_living/?idx=102,https://cdn.imweb.me/thumbnail/20220829/3781d44bd52b4.jpg
푸른점,예고은삼베,친환경 삼베실 6호,6900,0,https://www.bluestore.kr/store_living/?idx=105,https://cdn.imweb.me/thumbnail/20220829/89271f0aba63c.jpg
푸른점,예고은삼베,친환경 삼베실 5호,6900,0,https://www.bluestore.kr/store_living/?idx=104,https://cdn.imweb.me/thumbnail/20220829/894c25d3e5662.jpg
푸른점,예고은삼베,친환경 삼베실 1호,6900,0,https://www.bluestore.kr/store_living/?idx=100,https://cdn.imweb.me/thumbnail/20220829/64c3c1fb30c38.jpeg
푸른점,매거진쓸,Vol.7,13000,0,https://www.bluestore.kr/store_living/?idx=119,https://cdn.imweb.me/thumbnail/20220831/a527c3c92c21d.jpg
푸른점,매거진쓸,Vol.2,13000,0,https://www.bluestore.kr/store_living/?idx=124,https://cdn.imweb.me/thumbnail/20220901/ebd6a2c48989d.jpeg
푸른점,매거진쓸,Vol.5,13000,0,https://www.bluestore.kr/store_living/?idx=121,https://cdn.imweb.me/thumbnail/20220901/6cd9015fed700.jpeg
푸른점,와이쏘시리얼,우드 스푼,3900,0,https://www.bluestore.kr/store_living/?idx=57,https://cdn.imweb.me/thumbnail/20220822/076baf97af401.jpg
푸른점,동구밭,천연 수세미 대형,4500,3655,https://www.bluestore.kr/store_living/?idx=72,https://cdn.imweb.me/thumbnail/20230215/4e4d65832937f.png
푸른점,동구밭,천연 수세미 기본형,4000,3230,https://www.bluestore.kr/store_living/?idx=71,https://cdn.imweb.me/thumbnail/20230215/6533f31330907.png
푸른점,씽크,실리콘 빕 5colors,22000,0,https://www.bluestore.kr/store_living/?idx=89,https://cdn.imweb.me/thumbnail/20220826/987f3213d90f8.jpeg
푸른점,예고은삼베,천연 삼베 수세미 3개입 3종,8500,0,https://www.bluestore.kr/store_living/?idx=96,https://cdn.imweb.me/thumbnail/20220828/f2630e3348d50.jpeg
푸른점,예고은삼베,친환경 삼베 커피필터 2개입,10000,0,https://www.bluestore.kr/store_living/?idx=99,https://cdn.imweb.me/thumbnail/20220829/033e98353a000.jpg
푸른점,러버랩,팔목라인 고무장갑 5colors,3500,2900,https://www.bluestore.kr/store_living/?idx=256,https://cdn.imweb.me/thumbnail/20230116/f4a86a974da07.jpg
푸른점,동구밭,타블렛 식기세척기세제 240g,16000,11050,https://www.bluestore.kr/store_living/?idx=268,https://cdn.imweb.me/thumbnail/20230220/81f68a8e2dac0.png
푸른점,동구밭,규조토 비누 트레이,9500,7225,https://www.bluestore.kr/store_living/?idx=269,https://cdn.imweb.me/thumbnail/20230220/159f3328be948.png
푸른점,노느매기,진피 설거지비누 120g,3500,0,https://www.bluestore.kr/store_living/?idx=319,https://cdn.imweb.me/thumbnail/20230331/8df9b994685d6.jpg
푸른점,닥터노아,치약짜개,1800,0,https://www.bluestore.kr/store_living/?idx=35,https://cdn.imweb.me/thumbnail/20220813/8f8fe57d4ba1e.jpeg
푸른점,닥터노아,마루 대나무 칫솔 콤팩트 2종,3400,0,https://www.bluestore.kr/store_living/?idx=24,https://cdn.imweb.me/thumbnail/20220813/0fe320960c204.jpg
푸른점,닥터노아,키즈 대나무 칫솔 케이스,4800,0,https://www.bluestore.kr/store_living/?idx=31,https://cdn.imweb.me/thumbnail/20220813/f1c900a29a338.jpeg
푸른점,닥터노아,스테인리스 혀클리너,7500,0,https://www.bluestore.kr/store_living/?idx=34,https://cdn.imweb.me/thumbnail/20220813/d8755a6f264a1.jpeg
푸른점,닥터노아,마루 치약 불소 휴대용 30g,2100,0,https://www.bluestore.kr/store_living/?idx=27,https://cdn.imweb.me/thumbnail/20220813/5d8a90de77215.jpeg
푸른점,닥터노아,마루 키즈 치약 75g 2종,5100,0,https://www.bluestore.kr/store_living/?idx=28,https://cdn.imweb.me/thumbnail/20220813/5bd812a09af7d.jpeg
푸른점,닥터노아,착 칫솔걸이 4colors,7000,0,https://www.bluestore.kr/store_living/?idx=32,https://cdn.imweb.me/thumbnail/20220813/754ae1a853243.jpeg
푸른점,닥터노아,치실,7300,0,https://www.bluestore.kr/store_living/?idx=29,https://cdn.imweb.me/thumbnail/20220813/2fce2335dd8b6.jpeg
푸른점,닥터노아,오비츠 자일리톨 고체치약 4종,5900,0,https://www.bluestore.kr/store_living/?idx=42,https://cdn.imweb.me/thumbnail/20220818/99b3d2e4589bd.jpeg
푸른점,동구밭,올바른 바디스크럽바 씨솔트 100g,12000,9180,https://www.bluestore.kr/store_living/?idx=68,https://cdn.imweb.me/thumbnail/20220824/3f95f686d28b6.png
푸른점,동구밭,올바른 샴푸바 건성용 120g,9500,7140,https://www.bluestore.kr/store_living/?idx=69,https://cdn.imweb.me/thumbnail/20220824/db020688b1812.png
푸른점,동구밭,유기농 순면 비누 거품망,4000,3315,https://www.bluestore.kr/store_living/?idx=70,https://cdn.imweb.me/thumbnail/20230215/f2b25a3fc56b4.png
푸른점,호호히,나주 인디고 비건 샴푸바 100g,14000,0,https://www.bluestore.kr/store_living/?idx=78,https://cdn.imweb.me/thumbnail/20220825/127bed5d9d30c.jpg
푸른점,동구밭,베러 댄 리퀴드 여행용 키트 60g,9500,7990,https://www.bluestore.kr/store_living/?idx=77,https://cdn.imweb.me/thumbnail/20220825/8e5e6a3e53bb6.png
푸른점,예고은삼베,와플 삼베 바스타올,14900,0,https://www.bluestore.kr/store_living/?idx=106,https://cdn.imweb.me/thumbnail/20220829/2889649c9dab0.jpg
푸른점,예고은삼베,와플 삼베 세면타올,7400,0,https://www.bluestore.kr/store_living/?idx=107,https://cdn.imweb.me/thumbnail/20220829/1feb29b54dd4b.jpg
푸른점,예고은삼베,삼베 스크럽타올,9280,0,https://www.bluestore.kr/store_living/?idx=111,https://cdn.imweb.me/thumbnail/20220829/e091bb027316c.jpg
푸른점,예고은삼베,삼베 세안타올,6600,0,https://www.bluestore.kr/store_living/?idx=109,https://cdn.imweb.me/thumbnail/20220829/0c030ae2482a0.jpg
푸른점,예고은삼베,삼베 샤워타올,11900,0,https://www.bluestore.kr/store_living/?idx=110,https://cdn.imweb.me/thumbnail/20220829/6ca5e6512284b.jpg
푸른점,예고은삼베,삼베 스포츠타올,11800,0,https://www.bluestore.kr/store_living/?idx=108,https://cdn.imweb.me/thumbnail/20220829/9332226e90856.jpg
푸른점,닥터노아,고체치약 2종,5900,0,https://www.bluestore.kr/store_living/?idx=257,https://cdn.imweb.me/thumbnail/20230203/8547f5fb76def.jpg
푸른점,탄소창고,CXP 칫솔 거치대,1500,0,https://www.bluestore.kr/store_living/?idx=280,https://cdn.imweb.me/thumbnail/20230228/798ce68b677d5.jpg
푸른점,닥터노아,야호 농축가글 45ml,24800,0,https://www.bluestore.kr/store_living/?idx=316,https://cdn.imweb.me/thumbnail/20230326/b51ab638d4db0.jpg
푸른점,노느매기,파프리카 세안비누 120g,5000,0,https://www.bluestore.kr/store_living/?idx=321,https://cdn.imweb.me/thumbnail/20230331/5208ed9defc30.jpg
푸른점,노느매기,어성초 세안비누 120g,5000,0,https://www.bluestore.kr/store_living/?idx=320,https://cdn.imweb.me/thumbnail/20230331/e6a12804314e8.jpg
푸른점,노느매기,오트밀 스크럽 세안비누 120g,5000,0,https://www.bluestore.kr/store_living/?idx=323,https://cdn.imweb.me/thumbnail/20230331/bd715b864ee4e.jpg
푸른점,레미투미,델루나 고양이 강아지 이불 2종 3colors,32000,0,https://www.bluestore.kr/store_living/?idx=91,https://cdn.imweb.me/thumbnail/20230326/a16fb352578c4.jpg
푸른점,레미투미,제주 동백꽃 노즈워크 장난감,12900,0,https://www.bluestore.kr/store_living/?idx=93,https://cdn.imweb.me/thumbnail/20220828/9790ff5840405.jpg
푸른점,프루티바스켓,내추럴 린넨 목욕망,10000,0,https://www.bluestore.kr/store_living/?idx=125,https://cdn.imweb.me/thumbnail/20220901/2272081442147.jpeg
푸른점,프루티바스켓,캐롯 워터리스 풋클렌저 150ml,20000,0,https://www.bluestore.kr/store_living/?idx=129,https://cdn.imweb.me/thumbnail/20220901/c464454a52533.jpeg
푸른점,프루티바스켓,캐롯 수딩 풋크림 50ml,33000,0,https://www.bluestore.kr/store_living/?idx=127,https://cdn.imweb.me/thumbnail/20220901/f01d7717e897a.jpeg
푸른점,프루티바스켓,캐롯 워터리스 풋클렌저 리필팩 300ml,22000,0,https://www.bluestore.kr/store_living/?idx=130,https://cdn.imweb.me/thumbnail/20220901/826bfcc754d10.jpeg
푸른점,프루티바스켓,내추럴 코튼 타올,6000,0,https://www.bluestore.kr/store_living/?idx=126,https://cdn.imweb.me/thumbnail/20220901/1d0630d9af208.jpeg
푸른점,마음이,반려견 드라이 타올 가운,42000,0,https://www.bluestore.kr/store_living/?idx=145,https://cdn.imweb.me/thumbnail/20221114/5572ad7e3e1ec.jpg
푸른점,마음이,반려견 드라이 타올 장갑,10000,0,https://www.bluestore.kr/store_living/?idx=146,https://cdn.imweb.me/thumbnail/20221114/b833da57916f2.jpeg
푸른점,마음이,반려견 돌돌말이 방석,20000,0,https://www.bluestore.kr/store_living/?idx=148,https://cdn.imweb.me/thumbnail/20221114/87fbe5d81db82.jpg
푸른점,씽크,뱀부 토들러 기프트 세트 5colors,54000,0,https://www.bluestore.kr/store_living/?idx=82,https://cdn.imweb.me/thumbnail/20220826/0b899b71d87f2.jpeg
푸른점,푸른점,제로웨이스트 욕실 스타터키트,59260,53000,https://www.bluestore.kr/store_living/?idx=236,https://cdn.imweb.me/thumbnail/20221218/c367e93a142c3.jpg
푸른점,네이처백,에어팟 케이스 3colors,16000,0,https://www.bluestore.kr/store_living/?idx=44,https://cdn.imweb.me/thumbnail/20220818/9d54b737c4a03.jpg
푸른점,예고은삼베,친환경 삼베실 4호,6900,0,https://www.bluestore.kr/store_living/?idx=103,https://cdn.imweb.me/thumbnail/20220829/be1a8b50d184b.jpeg
푸른점,매거진쓸,Vol.6,13000,0,https://www.bluestore.kr/store_living/?idx=120,https://cdn.imweb.me/thumbnail/20220901/0f050f5d67088.jpeg
푸른점,매거진쓸,Vol.3,13000,0,https://www.bluestore.kr/store_living/?idx=123,https://cdn.imweb.me/thumbnail/20220901/ca7bb540db397.jpeg
푸른점,매거진쓸,브랜드북,13000,0,https://www.bluestore.kr/store_living/?idx=255,https://cdn.imweb.me/thumbnail/20230115/4ecf5e7a2affa.jpg
푸른점,네이처백,아이폰 14 케이스 3colors,19000,18000,https://www.bluestore.kr/store_living/?idx=289,https://cdn.imweb.me/thumbnail/20230301/192d9cb6e8337.jpg
푸른점,씽크,뱀부 컵 5colors,13000,0,https://www.bluestore.kr/store_living/?idx=85,https://cdn.imweb.me/thumbnail/20220825/8444742387206.png
푸른점,씽크,뱀부 시피 컵뚜껑 5colors,17000,0,https://www.bluestore.kr/store_living/?idx=86,https://cdn.imweb.me/thumbnail/20220827/27bf421db9f59.png
푸른점,씽크,뱀부 베이비 기프트 세트 5colors,45000,0,https://www.bluestore.kr/store_living/?idx=80,https://cdn.imweb.me/thumbnail/20220827/229955b2a04d9.jpeg
푸른점,씽크,뱀부 플레이트 5colors,19000,0,https://www.bluestore.kr/store_living/?idx=84,https://cdn.imweb.me/thumbnail/20220825/f1d5190e25ffa.jpeg
푸른점,씽크,뱀부 보울 5colors,16000,0,https://www.bluestore.kr/store_living/?idx=83,https://cdn.imweb.me/thumbnail/20220825/afaf8d8e5ce3d.jpeg
푸른점,씽크,뱀부 커틀러리 세트 5colors,16000,0,https://www.bluestore.kr/store_living/?idx=88,https://cdn.imweb.me/thumbnail/20220827/5aa05d4c13498.png
푸른점,푸른점,비건 그래놀라 선물세트,31700,30000,https://www.bluestore.kr/store_living/?idx=232,https://cdn.imweb.me/thumbnail/20221217/83b11070af6f1.jpg
푸른점,푸른점,제로웨이스트 주방 스타터키트,19800,17800,https://www.bluestore.kr/store_living/?idx=235,https://cdn.imweb.me/thumbnail/20221218/c0cee492e13c6.jpg
푸른점,탄소창고,가볍게 그릇,1500,0,https://www.bluestore.kr/store_living/?idx=278,https://cdn.imweb.me/thumbnail/20230311/b99d0a47691f9.jpg
푸른점,탄소창고,가볍게 그릇 30개입 3colors,43500,0,https://www.bluestore.kr/store_living/?idx=279,https://cdn.imweb.me/thumbnail/20230228/5c8cbb5cb603d.jpg
푸른점,탄소창고,소소한 컵 2종 5colors,1700,0,https://www.bluestore.kr/store_living/?idx=285,https://cdn.imweb.me/thumbnail/20230301/640f2b9c3833b.jpg
푸른점,동구밭,설거지 워싱바 녹차 100g,6800,0,https://www.bluestore.kr/store_living/?idx=299,https://cdn.imweb.me/thumbnail/20230310/450b70c8f7b0c.jpg
푸른점,노느매기,자초 설거지비누 120g,3500,0,https://www.bluestore.kr/store_living/?idx=318,https://cdn.imweb.me/thumbnail/20230331/90546d003b195.jpg
푸른점,탄소창고,CXP 대형 칫솔 2종 5colors,3000,0,https://www.bluestore.kr/store_living/?idx=281,https://cdn.imweb.me/thumbnail/20230301/0d20f36c2b15a.jpg
푸른점,탄소창고,산뜻이 치실 세트 2colors,5500,0,https://www.bluestore.kr/store_living/?idx=284,https://cdn.imweb.me/thumbnail/20230301/a2dceff27bcab.jpg
푸른점,노느매기,진주 세안비누 120g,5000,0,https://www.bluestore.kr/store_living/?idx=322,https://cdn.imweb.me/thumbnail/20230331/49da305f54dc5.jpg
푸른점,레미투미,델루나 고양이 강아지 베개 2종,17200,0,https://www.bluestore.kr/store_living/?idx=92,https://cdn.imweb.me/thumbnail/20220828/ae3218d1e82b0.jpg
푸른점,레미투미,제주 벚꽃 노즈워크 장난감,12800,0,https://www.bluestore.kr/store_living/?idx=94,https://cdn.imweb.me/thumbnail/20220828/4cf60a3c40e9f.jpg
푸른점,프루티바스켓,캐롯 내추럴 샴푸바 100g,22000,0,https://www.bluestore.kr/store_living/?idx=128,https://cdn.imweb.me/thumbnail/20220901/145946324c486.jpeg
푸른점,마음이,반려인 커플 나이트 가운,50000,0,https://www.bluestore.kr/store_living/?idx=142,https://cdn.imweb.me/thumbnail/20221109/8f4a62185f337.jpg
푸른점,마음이,반려견 커플 나이트 가운,42000,0,https://www.bluestore.kr/store_living/?idx=143,https://cdn.imweb.me/thumbnail/20221110/15d09ace40379.jpg
푸른점,마음이,반려견 드라이 와플 가운 2colors,42000,0,https://www.bluestore.kr/store_living/?idx=144,https://cdn.imweb.me/thumbnail/20221114/daf8176b5da60.jpg
푸른점,마음이,반려견 2단 쿠션 베드 2colors,45000,0,https://www.bluestore.kr/store_living/?idx=147,https://cdn.imweb.me/thumbnail/20221114/f1ec32cd36ff1.jpg
푸른점,로우사이클,리사이클 펫 케이프 후드 6colors,49000,0,https://www.bluestore.kr/store_living/?idx=247,https://cdn.imweb.me/thumbnail/20230108/d16d751399ec6.jpg
푸른점,동구밭,반려시선 강아지 샴푸바 100g,18000,13855,https://www.bluestore.kr/store_living/?idx=253,https://cdn.imweb.me/thumbnail/20230112/2a934f06cdb94.png
푸른점,동구밭,반려시선 고양이 샴푸바 100g,18000,13855,https://www.bluestore.kr/store_living/?idx=254,https://cdn.imweb.me/thumbnail/20230112/5e537516b7f54.png
푸른점,탄소창고,목재볼펜세트 2개입,3000,0,https://www.bluestore.kr/store_living/?idx=275,https://cdn.imweb.me/thumbnail/20230228/aeeadae9e5915.jpg
푸른점,씽크,뱀부 베이비 스푼 세트 2종,24000,0,https://www.bluestore.kr/store_living/?idx=87,https://cdn.imweb.me/thumbnail/20220826/39bd7c94b99d9.jpg
푸른점,루나컵,링 스몰 월경컵,45000,34200,https://www.bluestore.kr/store_living/?idx=155,https://cdn.imweb.me/thumbnail/20221114/efcc8f3c349c7.jpg
푸른점,루나컵,링 라지 월경컵,45000,34200,https://www.bluestore.kr/store_living/?idx=154,https://cdn.imweb.me/thumbnail/20221114/b7c41f00c3a95.jpg
푸른점,호호히,장성 피톤 탑투토 비건 워시바 100g,15900,0,https://www.bluestore.kr/store_living/?idx=79,https://cdn.imweb.me/thumbnail/20220825/22a94694cdc6d.jpg
푸른점,탄소창고,퀵젤펜,7000,0,https://www.bluestore.kr/store_living/?idx=274,https://cdn.imweb.me/thumbnail/20230228/aa16b431bd38c.jpg
지구샵,러버랩,고무장갑 팔목라인,0,"3,000원",https://www.jigushop.co.kr/kitchen/?idx=319,https://cdn.imweb.me/thumbnail/20210916/789ae3b745599.jpg
지구샵,리앤에코,설거지비누 450g,0,"9,800원",https://www.jigushop.co.kr/kitchen/?idx=560,https://cdn.imweb.me/thumbnail/20220811/83549dc99a14b.jpg
지구샵,지구샵,주방비누 3개,"14,900원","11,900원",https://www.jigushop.co.kr/kitchen/?idx=510,https://cdn.imweb.me/thumbnail/20220512/e8564114caeb7.jpg
지구샵,리빙크리에이터,접이식 실리콘 런치박스,0,"5,900원",https://www.jigushop.co.kr/kitchen/?idx=482,https://cdn.imweb.me/thumbnail/20220407/bf1a4d0bee755.jpg
지구샵,지구샵,주방비누,0,"4,900원",https://www.jigushop.co.kr/kitchen/?idx=146,https://cdn.imweb.me/thumbnail/20201028/6287b28b6eaa2.jpg
지구샵,지구샵,실리콘비누받침,"5,000원","4,500원",https://www.jigushop.co.kr/kitchen/?idx=436,https://cdn.imweb.me/thumbnail/20220127/c9a89abaedce1.jpg
지구샵,실리팟,실리콘 지퍼백,"12,000원","10,000원",https://www.jigushop.co.kr/kitchen/?idx=411,https://cdn.imweb.me/thumbnail/20211212/cc76d5636ae5f.jpg
지구샵,소렉스,과일 채소 세척솔,0,"8,400원",https://www.jigushop.co.kr/kitchen/?idx=71,https://cdn.imweb.me/thumbnail/20220224/b3e26c6d6caab.jpg
지구샵,지구샵,나무 커트러리 세트,"12,500원","10,500원",https://www.jigushop.co.kr/kitchen/?idx=166,https://cdn.imweb.me/thumbnail/20230117/5330f8d79c247.jpg
지구샵,창대농원,천연 통 수세미,0,"6,200원",https://www.jigushop.co.kr/kitchen/?idx=363,https://cdn.imweb.me/thumbnail/20211026/0982f368c5612.jpg
지구샵,실리만,실리콘 하모니 사각 6구 아이스 몰드,"8,500원","27,000원",https://www.jigushop.co.kr/kitchen/?idx=513,https://cdn.imweb.me/thumbnail/20220519/1f3ad21a80570.jpg
지구샵,지구샵,컬러 나무 수저세트 S,0,"5,000원",https://www.jigushop.co.kr/kitchen/?idx=799,https://cdn.imweb.me/thumbnail/20230202/65916ed133f3c.jpg
지구샵,지구샵,천연물방울수세미(3개입),"12,000원","9,900원",https://www.jigushop.co.kr/kitchen/?idx=147,https://cdn.imweb.me/thumbnail/20201102/72235106576b8.jpg
지구샵,지구샵,스테인레스 집게 걸이,0,800원,https://www.jigushop.co.kr/kitchen/?idx=714,https://cdn.imweb.me/thumbnail/20221201/6d85cfa53e8ef.jpg
지구샵,소렉스,구리수세미 (3개입),0,"10,000원",https://www.jigushop.co.kr/kitchen/?idx=85,https://cdn.imweb.me/thumbnail/20220127/a0d980eaf3b85.jpg
지구샵,지구샵,천연물방울수세미,"4,000원","3,500원",https://www.jigushop.co.kr/kitchen/?idx=86,https://cdn.imweb.me/thumbnail/20220129/1e63fd03eec3b.jpg
지구샵,예고은,삼베 행주,0,"6,900원",https://www.jigushop.co.kr/kitchen/?idx=133,https://cdn.imweb.me/thumbnail/20220213/13a2a076787c6.jpg
지구샵,프레시버블,소프넛,0,"7,500원",https://www.jigushop.co.kr/kitchen/?idx=252,https://cdn.imweb.me/thumbnail/20221028/1a2fe2443d419.jpg
지구샵,소락,소창 삼각 티백,0,"3,000원",https://www.jigushop.co.kr/kitchen/?idx=279,https://cdn.imweb.me/thumbnail/20210710/b63593f2dcbe8.jpg
지구샵,지구샵,S자 고리,0,"1,000원",https://www.jigushop.co.kr/kitchen/?idx=715,https://cdn.imweb.me/thumbnail/20221201/7d97434df0c33.jpg
지구샵,지구샵,나무 티스푼,0,"2,000원",https://www.jigushop.co.kr/kitchen/?idx=124,https://cdn.imweb.me/thumbnail/20210601/1ff77f1f30e3d.jpg
지구샵,지구샵,지구샵 유기농 수건 핸드타월,"13,500원","12,000원",https://www.jigushop.co.kr/kitchen/?idx=127,https://cdn.imweb.me/thumbnail/20221012/cd56863434adf.jpg
지구샵,소렉스,팬용 세척솔,0,"8,000원",https://www.jigushop.co.kr/kitchen/?idx=145,https://cdn.imweb.me/thumbnail/20210927/4a941e1ee5ca7.jpg
지구샵,지구샵,나무 수저받침,0,"2,000원",https://www.jigushop.co.kr/kitchen/?idx=250,https://cdn.imweb.me/thumbnail/20210807/ed7ebf1ea06bb.jpg
지구샵,지구샵,라탄 컵받침,0,"3,500원",https://www.jigushop.co.kr/kitchen/?idx=247,https://cdn.imweb.me/thumbnail/20210615/6baf8041cd1b7.jpg
지구샵,지구샵,나무 집게,0,"5,500원",https://www.jigushop.co.kr/kitchen/?idx=312,https://cdn.imweb.me/thumbnail/20210828/45977e08f7b60.jpg
지구샵,지구샵,나무 요리 젓가락,0,"3,000원",https://www.jigushop.co.kr/kitchen/?idx=310,https://cdn.imweb.me/thumbnail/20210911/dd452649486c6.jpg
지구샵,지구샵,나무 뒤집개,0,"4,500원",https://www.jigushop.co.kr/kitchen/?idx=307,https://cdn.imweb.me/thumbnail/20210830/287654cee7a11.jpg
지구샵,지구샵,나무 요리 주걱 (동글이),0,"4,500원",https://www.jigushop.co.kr/kitchen/?idx=309,https://cdn.imweb.me/thumbnail/20210901/0902f23bece0b.jpg
지구샵,지구샵,나무 요리 주걱 (길쭉이),0,"4,000원",https://www.jigushop.co.kr/kitchen/?idx=308,https://cdn.imweb.me/thumbnail/20210911/060dd3972b91c.jpg
지구샵,지구샵,나무 국자,0,"6,000원",https://www.jigushop.co.kr/kitchen/?idx=306,https://cdn.imweb.me/thumbnail/20210911/5c38adce263fd.jpg
지구샵,지구샵,나무 주걱,0,"4,500원",https://www.jigushop.co.kr/kitchen/?idx=311,https://cdn.imweb.me/thumbnail/20210911/1899700953d64.jpg
지구샵,소락,소창 티백,0,"3,000원",https://www.jigushop.co.kr/kitchen/?idx=328,https://cdn.imweb.me/thumbnail/20211005/bbea082b568a5.jpg
지구샵,일비아,식기세척기 태블릿세제(60정입),0,"13,500원",https://www.jigushop.co.kr/kitchen/?idx=463,https://cdn.imweb.me/thumbnail/20220317/8d9756afd9f4a.jpg
지구샵,리빙크리에이터,실리콘랩 세트,0,"9,900원",https://www.jigushop.co.kr/kitchen/?idx=470,https://cdn.imweb.me/thumbnail/20220324/ef383273a9189.jpg
지구샵,리빙크리에이터,접이식 실리콘 런치박스 세트,0,"26,900원",https://www.jigushop.co.kr/kitchen/?idx=483,https://cdn.imweb.me/thumbnail/20220407/d30229a569039.jpg
지구샵,지구샵,키친클로스(체크),0,"15,000원",https://www.jigushop.co.kr/kitchen/?idx=503,https://cdn.imweb.me/thumbnail/20220428/7d480602a78b4.jpg
지구샵,지구샵,키친클로스(줄무늬),0,"15,000원",https://www.jigushop.co.kr/kitchen/?idx=502,https://cdn.imweb.me/thumbnail/20220428/5d71df1168f7e.jpg
지구샵,실리만,실리콘하모니 후라이팬 뚜껑 (30cm),"30,000원","7,650원",https://www.jigushop.co.kr/kitchen/?idx=511,https://cdn.imweb.me/thumbnail/20220519/d2a020633fc7c.jpg
지구샵,실리만,실리콘 하모니 사각 만능찜기,"24,000원","7,650원",https://www.jigushop.co.kr/kitchen/?idx=512,https://cdn.imweb.me/thumbnail/20220519/fb5190dc69443.jpg
지구샵,탄소창고,손편한 앞접시세트(5개입),0,"16,500원",https://www.jigushop.co.kr/kitchen/?idx=524,https://cdn.imweb.me/thumbnail/20221102/ec6fd98cb1049.jpg
지구샵,지구샵,유기농배색그물장바구니,0,"7,000원",https://www.jigushop.co.kr/kitchen/?idx=550,https://cdn.imweb.me/thumbnail/20221209/ef0ab51d01aad.jpg
지구샵,리앤에코,설거지비누 150g,0,"3,900원",https://www.jigushop.co.kr/kitchen/?idx=559,https://cdn.imweb.me/thumbnail/20220811/8eec61c369836.jpg
지구샵,지구샵,유기농 핸드타월 (1매),0,"4,500원",https://www.jigushop.co.kr/kitchen/?idx=649,https://cdn.imweb.me/thumbnail/20221012/5f6ce8e99ddb9.jpg
지구샵,지구샵,유기농 핸드타월 (7매),"31,500원","25,200원",https://www.jigushop.co.kr/kitchen/?idx=651,https://cdn.imweb.me/thumbnail/20221012/385af54527c53.jpg
지구샵,실리만,실리콘 클립형 도마 (중),0,"33,500원",https://www.jigushop.co.kr/kitchen/?idx=696,https://cdn.imweb.me/thumbnail/20221202/0b314bc02be9d.jpg
지구샵,실리만,실리콘 접이식 휴대컵,0,"8,500원",https://www.jigushop.co.kr/kitchen/?idx=697,https://cdn.imweb.me/thumbnail/20221202/b8b874487ffc7.jpg
지구샵,지구샵,키친클로스 테이블매트 (스티치),0,"10,000원",https://www.jigushop.co.kr/kitchen/?idx=716,https://cdn.imweb.me/thumbnail/20221206/080215a3b9669.jpg
지구샵,지구샵,나무 티포크,0,"2,000원",https://www.jigushop.co.kr/kitchen/?idx=123,https://cdn.imweb.me/thumbnail/20210628/2a31fa1c5dc2d.jpg
지구샵,지구샵,나무 버터나이프,0,"2,500원",https://www.jigushop.co.kr/kitchen/?idx=125,https://cdn.imweb.me/thumbnail/20210708/508312a4d6ccd.jpg
지구샵,지구샵,나무 수저세트,0,"4,000원",https://www.jigushop.co.kr/kitchen/?idx=272,https://cdn.imweb.me/thumbnail/20210613/7413e121e3d36.jpg
지구샵,실리팟,실리콘 지퍼백 세트,"53,000원","42,900원",https://www.jigushop.co.kr/kitchen/?idx=412,https://cdn.imweb.me/thumbnail/20211224/c133720bd0994.jpg
지구샵,지구샵,재사용 플라스틱 밀봉클립,0,"4,000원",https://www.jigushop.co.kr/kitchen/?idx=739,https://cdn.imweb.me/thumbnail/20221223/d876d6e901a7b.jpg
지구샵,실리만,캠핑 트래블러 파우치 세트,0,"71,000원",https://www.jigushop.co.kr/kitchen/?idx=698,https://cdn.imweb.me/thumbnail/20221202/b9de9d8377af9.jpg
지구샵,소렉스,보틀 세척솔,0,"11,500원",https://www.jigushop.co.kr/kitchen/?idx=70,https://cdn.imweb.me/thumbnail/20220210/248710a6c5a8b.jpg
지구샵,손끋비,밀랍랩 DIY키트 (교육/체험용),0,"9,900원",https://www.jigushop.co.kr/kitchen/?idx=140,https://cdn.imweb.me/thumbnail/20220305/45fee3d7c5d40.jpg
지구샵,손끋비,밀랍랩 비기너세트,0,"10,500원",https://www.jigushop.co.kr/kitchen/?idx=139,https://cdn.imweb.me/thumbnail/20220215/3f39c1cc2acfe.jpg
지구샵,지구샵,마일드고체치약 (저불소자몽향) 150정입,"13,400원","6,700원",https://www.jigushop.co.kr/bathroom/?idx=389,https://cdn.imweb.me/thumbnail/20220816/f8d0058117b81.jpg
지구샵,지구샵,오리지널고체치약 450정입,"40,200원","35,900원",https://www.jigushop.co.kr/bathroom/?idx=271,https://cdn.imweb.me/thumbnail/20220816/ad93f0f2f6709.jpg
지구샵,지구샵,지구샵 대나무칫솔,"38,000원","21,900원",https://www.jigushop.co.kr/bathroom/?idx=162,https://cdn.imweb.me/thumbnail/20220120/2065a155117ad.jpg
지구샵,탄소창고,혀클리너,0,"2,000원",https://www.jigushop.co.kr/bathroom/?idx=522,https://cdn.imweb.me/thumbnail/20221102/7d61ff7c1d291.jpg
지구샵,지구샵,대나무칫솔 납작이 (10개),"15,000원","12,900원",https://www.jigushop.co.kr/bathroom/?idx=833,https://cdn.imweb.me/thumbnail/20230309/5b56465a298e6.jpg
지구샵,지구샵,실리콘칫솔뚜껑,0,800원,https://www.jigushop.co.kr/bathroom/?idx=437,https://cdn.imweb.me/thumbnail/20220116/0612645238910.jpg
지구샵,탄소창고,작은모칫솔,0,"3,000원",https://www.jigushop.co.kr/bathroom/?idx=481,https://cdn.imweb.me/thumbnail/20221103/e225b0c30d22f.jpg
지구샵,자연으로,생분해성 샤워퍼프,0,"3,000원",https://www.jigushop.co.kr/bathroom/?idx=251,https://cdn.imweb.me/thumbnail/20210716/cdb07a1c1fbda.jpg
지구샵,지구샵,스트롱고체치약 (쿨민트향) 450정입,"40,200원","35,900원",https://www.jigushop.co.kr/bathroom/?idx=478,https://cdn.imweb.me/thumbnail/20220816/e5ce4afa04c27.jpg
지구샵,탄소창고,작은모칫솔세트(5개입),"15,000원","13,000원",https://www.jigushop.co.kr/bathroom/?idx=523,https://cdn.imweb.me/thumbnail/20221102/e57a7594b1f62.jpg
지구샵,조르단,그린클린 치약 100g,"9,900원","7,500원",https://www.jigushop.co.kr/bathroom/?idx=726,https://cdn.imweb.me/thumbnail/20221208/6f5cbb6a96285.jpg
지구샵,나의온도,구절초 수분 진정 클렌징바,"19,000원","17,100원",https://www.jigushop.co.kr/bathroom/?idx=262,https://cdn.imweb.me/thumbnail/20221028/b86ce3059e1a8.jpg
지구샵,조르단,그린클린 치실 (30m),0,"3,900원",https://www.jigushop.co.kr/bathroom/?idx=174,https://cdn.imweb.me/thumbnail/20221028/6884c0aca0c62.jpg
지구샵,지구샵,실리콘비누받침,"5,000원","4,500원",https://www.jigushop.co.kr/bathroom/?idx=436,https://cdn.imweb.me/thumbnail/20220127/c9a89abaedce1.jpg
지구샵,더비건글로우,오리지널 컨디셔너바,0,"12,000원",https://www.jigushop.co.kr/bathroom/?idx=468,https://cdn.imweb.me/thumbnail/20220317/b9943f3a13e9d.jpg
지구샵,지구샵,스트롱고체치약 (쿨민트향) 30정입,0,"4,500원",https://www.jigushop.co.kr/bathroom/?idx=386,https://cdn.imweb.me/thumbnail/20220816/9e1c0d61ada83.jpg
지구샵,지구샵,온몸비누 선물세트,"29,700원","21,900원",https://www.jigushop.co.kr/bathroom/?idx=418,https://cdn.imweb.me/thumbnail/20220304/8cf0ee93cdf50.jpg
지구샵,자연으로,생분해성 샤워타월,0,"4,500원",https://www.jigushop.co.kr/bathroom/?idx=734,https://cdn.imweb.me/thumbnail/20221216/7e604ee23f5c0.jpg
지구샵,지구샵,스트롱고체치약 (쿨민트향) 150정입,0,"13,400원",https://www.jigushop.co.kr/bathroom/?idx=387,https://cdn.imweb.me/thumbnail/20220816/ed7c65d28916d.jpg
지구샵,지구샵,온몸비누(자몽) 미니 20g,0,"2,500원",https://www.jigushop.co.kr/bathroom/?idx=556,https://cdn.imweb.me/thumbnail/20220721/f2e2e8b079cd2.jpg
지구샵,노플라스틱선데이,튜브짜개,0,"4,000원",https://www.jigushop.co.kr/bathroom/?idx=586,https://cdn.imweb.me/thumbnail/20230102/ad3a6ff959031.jpg
지구샵,동구밭,올바른 샴푸바 쿨링용,0,"9,500원",https://www.jigushop.co.kr/bathroom/?idx=630,https://cdn.imweb.me/thumbnail/20221030/7b7413c057359.jpg
지구샵,동구밭,올바른 트리트먼트바,0,"9,500원",https://www.jigushop.co.kr/bathroom/?idx=632,https://cdn.imweb.me/thumbnail/20220928/219191ac0cde3.jpg
지구샵,동구밭,올바른 린스바,0,"9,500원",https://www.jigushop.co.kr/bathroom/?idx=631,https://cdn.imweb.me/thumbnail/20221028/e6a5938af62f0.jpg
지구샵,지구샵,재사용 플라스틱 알약커팅기,0,"9,900원",https://www.jigushop.co.kr/bathroom/?idx=738,https://cdn.imweb.me/thumbnail/20221223/07cb6f98422d0.jpg
지구샵,조르단,그린클린 칫솔 (키즈),0,"3,900원",https://www.jigushop.co.kr/bathroom/?idx=173,https://cdn.imweb.me/thumbnail/20221101/96b87be79be84.jpg
지구샵,동구밭,올바른 샴푸바 지성용,0,"9,500원",https://www.jigushop.co.kr/bathroom/?idx=629,https://cdn.imweb.me/thumbnail/20221028/edba99abf6894.jpg
지구샵,지구샵,스테인레스 집게 걸이,0,800원,https://www.jigushop.co.kr/bathroom/?idx=714,https://cdn.imweb.me/thumbnail/20221201/6d85cfa53e8ef.jpg
지구샵,지구샵,지구샵 제로라이프 고체치약,0,"4,500원",https://www.jigushop.co.kr/bathroom/?idx=25,https://cdn.imweb.me/thumbnail/20220816/35573f017e352.jpg
지구샵,조르단,그린클린 칫솔 (일반),0,"3,900원",https://www.jigushop.co.kr/bathroom/?idx=171,https://cdn.imweb.me/thumbnail/20221101/4312bad8b409b.jpg
지구샵,프레시버블,소프넛,0,"7,500원",https://www.jigushop.co.kr/bathroom/?idx=252,https://cdn.imweb.me/thumbnail/20221028/1a2fe2443d419.jpg
지구샵,호호히,나주 샴푸바,0,"14,000원",https://www.jigushop.co.kr/bathroom/?idx=303,https://cdn.imweb.me/thumbnail/20210911/f78bf53d3e19e.jpg
지구샵,샘크래프트,약산성 5.5 샴푸바,0,"16,000원",https://www.jigushop.co.kr/bathroom/?idx=325,https://cdn.imweb.me/thumbnail/20211015/3587d8d52ed34.jpg
지구샵,오그리,현무암 비누받침,0,"9,900원",https://www.jigushop.co.kr/bathroom/?idx=372,https://cdn.imweb.me/thumbnail/20221028/a05bbd6dc9ee4.jpg
지구샵,지구샵,온몸비누 (자몽) 100g,0,"9,900원",https://www.jigushop.co.kr/bathroom/?idx=390,https://cdn.imweb.me/thumbnail/20211115/c9da2765a2ac9.jpg
지구샵,동구밭,올바른 아기비누 알로에,0,"9,500원",https://www.jigushop.co.kr/bathroom/?idx=633,https://cdn.imweb.me/thumbnail/20221029/4ce2da535c1a7.jpg
지구샵,지구샵,S자 고리,0,"1,000원",https://www.jigushop.co.kr/bathroom/?idx=715,https://cdn.imweb.me/thumbnail/20221201/7d97434df0c33.jpg
지구샵,소락,면 화장솜 (4매입),0,"11,000원",https://www.jigushop.co.kr/bathroom/?idx=17,https://cdn.imweb.me/thumbnail/20221028/4bc3fda6abf31.jpg
지구샵,지구샵,칫솔파우치,0,"3,500원",https://www.jigushop.co.kr/bathroom/?idx=18,https://cdn.imweb.me/thumbnail/20211022/a277b6b990ad5.jpg
지구샵,솝퓨리,네버드라이 페이셜바,0,"15,000원",https://www.jigushop.co.kr/bathroom/?idx=37,https://cdn.imweb.me/thumbnail/20221029/4698585b290eb.jpg
지구샵,지구샵,스테인레스칫솔걸이,"5,000원","4,000원",https://www.jigushop.co.kr/bathroom/?idx=72,https://cdn.imweb.me/thumbnail/20220202/95a1d1c6f1999.jpg
지구샵,예고은,삼베 샤워타월,"14,400원","11,900원",https://www.jigushop.co.kr/bathroom/?idx=135,https://cdn.imweb.me/thumbnail/20220130/153dab75d1cfa.jpg
지구샵,조르단,그린클린 칫솔 (울트라소프트),0,"4,300원",https://www.jigushop.co.kr/bathroom/?idx=177,https://cdn.imweb.me/thumbnail/20221102/e1bb7ae21c220.jpg
지구샵,조르단,지구샵 제로라이프 고체치약,0,"13,400원",https://www.jigushop.co.kr/bathroom/?idx=187,https://cdn.imweb.me/thumbnail/20220816/f16e88e754602.jpg
지구샵,지구샵,마일드고체치약 (저불소자몽향) 30정입,0,"4,500원",https://www.jigushop.co.kr/bathroom/?idx=388,https://cdn.imweb.me/thumbnail/20220816/ff44963c191a5.jpg
지구샵,동구밭,올바른 거품 입욕제,0,"7,000원",https://www.jigushop.co.kr/bathroom/?idx=458,https://cdn.imweb.me/thumbnail/20221028/a03528c6e5631.jpg
지구샵,마일리솝,멜팅마일리 리필(60g),"24,600원","20,900원",https://www.jigushop.co.kr/bathroom/?idx=514,https://cdn.imweb.me/thumbnail/20220519/901e477e4d3ca.jpg
지구샵,리솔츠,솔츠 리추얼 마사지 클렌징바,"21,000원","17,000원",https://www.jigushop.co.kr/bathroom/?idx=591,https://cdn.imweb.me/thumbnail/20220913/6f3323b2a842b.jpg
지구샵,아로마티카,로즈마리 헤어 씨크닝 컨디셔너바 115g,0,"22,000원",https://www.jigushop.co.kr/bathroom/?idx=597,https://cdn.imweb.me/thumbnail/20220916/247346d562e57.jpg
지구샵,아로마티카,로즈마리 스칼프 스케일링 샴푸바 135g,0,"22,000원",https://www.jigushop.co.kr/bathroom/?idx=596,https://cdn.imweb.me/thumbnail/20220917/8b393450ab278.jpg
지구샵,아로마티카,티트리 밸런싱 클렌징바 110g,0,"22,000원",https://www.jigushop.co.kr/bathroom/?idx=598,https://cdn.imweb.me/thumbnail/20220918/1e5936bb1bdc1.jpg
지구샵,지구샵,대나무칫솔 납작이,0,"1,500원",https://www.jigushop.co.kr/bathroom/?idx=740,https://cdn.imweb.me/thumbnail/20221223/177e6ddb1bdc7.jpg
지구샵,아로마티카,유리 디스펜서 용기 300ml,0,"6,500원",https://www.jigushop.co.kr/bathroom/?idx=794,https://cdn.imweb.me/thumbnail/20230130/c707e91753cf8.jpg
지구샵,아로마티카,재활용 페트 용기 500ml,0,"5,000원",https://www.jigushop.co.kr/bathroom/?idx=793,https://cdn.imweb.me/thumbnail/20230130/e8b8b285f12b9.jpg
지구샵,탄소창고,칫솔&혀클리너 세트,0,"11,800원",https://www.jigushop.co.kr/bathroom/?idx=797,https://cdn.imweb.me/thumbnail/20230202/9da089a799e39.jpg
지구샵,탄소창고,산뜻이 치실,0,"5,500원",https://www.jigushop.co.kr/bathroom/?idx=798,https://cdn.imweb.me/thumbnail/20230202/bb354a0e76ea5.jpg
지구샵,동구밭,베러댄리퀴드 여행용 비누 키트,0,"9,500원",https://www.jigushop.co.kr/bathroom/?idx=846,https://cdn.imweb.me/thumbnail/20230316/77d443221c32e.jpg
지구샵,동구밭,지구샵 대나무칫솔,"3,800원","2,500원",https://www.jigushop.co.kr/bathroom/?idx=24,https://cdn.imweb.me/thumbnail/20220127/b6cf89c6247b6.jpg
지구샵,솝퓨리,오오클렌징바,0,"24,000원",https://www.jigushop.co.kr/bathroom/?idx=38,https://cdn.imweb.me/thumbnail/20221028/827bf5bd16578.jpg
지구샵,솝퓨리,노세범 샴푸바 (지성용),0,"16,000원",https://www.jigushop.co.kr/bathroom/?idx=35,https://cdn.imweb.me/thumbnail/20221102/12b974edc57c3.jpg
지구샵,솝퓨리,지구샵 제로라이프 고체치약,0,"2,500원",https://www.jigushop.co.kr/bathroom/?idx=94,https://cdn.imweb.me/thumbnail/20220131/009a1d0dcac7c.jpg
지구샵,타이거릴리,픽시할로우 올인원바 (한방),0,"14,000원",https://www.jigushop.co.kr/bathroom/?idx=353,https://cdn.imweb.me/thumbnail/20211224/e1697a247e8b3.jpg
지구샵,온그리디언츠,제주 시카 클렌징볼,0,"15,000원",https://www.jigushop.co.kr/bathroom/?idx=449,https://cdn.imweb.me/thumbnail/20221029/608feee2fd96a.jpg
지구샵,지구샵,마일드고체치약 (저불소자몽향) 450정입,"40,200원","35,900원",https://www.jigushop.co.kr/bathroom/?idx=477,https://cdn.imweb.me/thumbnail/20220816/58d8a97e2c6dd.jpg
지구샵,노플라스틱선데이,칫솔꽂이,0,"5,000원",https://www.jigushop.co.kr/bathroom/?idx=587,https://cdn.imweb.me/thumbnail/20220908/0f6e10b705a98.jpg
지구샵,에이퍼멘트,맥칼린 풀마이크로 오리지널솝,0,"15,000원",https://www.jigushop.co.kr/bathroom/?idx=589,https://cdn.imweb.me/thumbnail/20221028/2af7765a68e68.jpg
지구샵,동구밭,올바른 샴푸바 중건성용 100g,0,"9,500원",https://www.jigushop.co.kr/bathroom/?idx=628,https://cdn.imweb.me/thumbnail/20221029/32d73015877b5.jpg
지구샵,조르단,그린클린 체인지 칫솔 리필헤드 (2개입),0,"3,900원",https://www.jigushop.co.kr/bathroom/?idx=831,https://cdn.imweb.me/thumbnail/20230302/329f8acb55181.jpg
지구샵,조르단,그린클린 체인지 칫솔,0,"6,900원",https://www.jigushop.co.kr/bathroom/?idx=725,https://cdn.imweb.me/thumbnail/20221208/20b4dc63f03e1.jpg
지구샵,조르단,지구샵 유기농 수건 핸드타월,"21,000원","18,900원",https://www.jigushop.co.kr/bathroom/?idx=26,https://cdn.imweb.me/thumbnail/20221012/2418db711befd.jpg
지구샵,타이거릴리,네버우드 클렌징바 (참숯병풀),0,"14,000원",https://www.jigushop.co.kr/bathroom/?idx=354,https://cdn.imweb.me/thumbnail/20211021/af9bdc5fb8261.jpg
지구샵,지구샵,유기농 수건 (7매),"49,000원","39,000원",https://www.jigushop.co.kr/bathroom/?idx=654,https://cdn.imweb.me/thumbnail/20221012/aa321c68cbcea.jpg
지구샵,지구샵,유기농 수건 (1매),0,"7,000원",https://www.jigushop.co.kr/bathroom/?idx=652,https://cdn.imweb.me/thumbnail/20221012/c02281893c964.jpg
지구샵,아로마티카,재활용 페트 용기 200ml,0,"4,000원",https://www.jigushop.co.kr/bathroom/?idx=792,https://cdn.imweb.me/thumbnail/20230130/552d347029785.jpg
지구샵,티읕,월경컵,0,"34,900원",https://www.jigushop.co.kr/feminine/?idx=266,https://cdn.imweb.me/thumbnail/20210613/5868ceb74cf50.jpg
지구샵,잇츠미,유기농 생리대(롱라이너) 20개입 x 4팩 번들,0,"12,800원",https://www.jigushop.co.kr/feminine/?idx=807,https://cdn.imweb.me/thumbnail/20230209/454f4bc146b39.jpg
지구샵,잇츠미,유기농 생리대 (롱라이너) 20개입,0,"4,000원",https://www.jigushop.co.kr/feminine/?idx=803,https://cdn.imweb.me/thumbnail/20230209/5c6a246d4f3c9.jpg
지구샵,꽃마리협동조합,과탄산소다 세탁비누,0,"8,000원",https://www.jigushop.co.kr/feminine/?idx=326,https://cdn.imweb.me/thumbnail/20211005/1a375aa5acf3d.jpg
지구샵,잇츠미,유기농 생리대 (슈퍼롱) 6개입,0,"6,000원",https://www.jigushop.co.kr/feminine/?idx=806,https://cdn.imweb.me/thumbnail/20230209/cb6ff160e5d6a.jpg
지구샵,잇츠미,유기농 생리대 (대형) 10개입 x 4팩 번들,0,"19,500원",https://www.jigushop.co.kr/feminine/?idx=809,https://cdn.imweb.me/thumbnail/20230209/e96b413535367.jpg
지구샵,솝퓨리,오오클렌징바,0,"24,000원",https://www.jigushop.co.kr/feminine/?idx=38,https://cdn.imweb.me/thumbnail/20221028/827bf5bd16578.jpg
지구샵,잇츠미,유기농 생리대 (중형) 12개입 x 4팩 번들,0,"20,400원",https://www.jigushop.co.kr/feminine/?idx=808,https://cdn.imweb.me/thumbnail/20230209/6f9de8c6db62c.jpg
지구샵,잇츠미,유기농 생리대 (대형) 10개입,0,"6,100원",https://www.jigushop.co.kr/feminine/?idx=805,https://cdn.imweb.me/thumbnail/20230209/7e3a62346a2fa.jpg
지구샵,잇츠미,유기농 생리대 (중형) 12개입,0,"6,400원",https://www.jigushop.co.kr/feminine/?idx=804,https://cdn.imweb.me/thumbnail/20230209/5240571e5729d.jpg
지구샵,해피문데이,유기농 이지 탐폰 (라이트),0,"5,500원",https://www.jigushop.co.kr/feminine/?idx=867,https://cdn.imweb.me/thumbnail/20230417/149dc36e33e1d.jpg
지구샵,해피문데이,유기농 이지 탐폰 (레귤러),0,"6,200원",https://www.jigushop.co.kr/feminine/?idx=866,https://cdn.imweb.me/thumbnail/20230417/57c13656ab156.jpg
지구샵,해피문데이,유기농 이지 탐폰 (슈퍼),0,"6,700원",https://www.jigushop.co.kr/feminine/?idx=865,https://cdn.imweb.me/thumbnail/20230417/12c3ce8b072ed.jpg
지구샵,밀키프로젝트,밀키파우치 업사이클링 DIY키트,0,"14,300원",https://www.jigushop.co.kr/hobby/?idx=451,https://cdn.imweb.me/thumbnail/20220310/56bc34f9b6dd9.jpg
지구샵,밀키프로젝트,밀키프레임 업사이클링 DIY키트,0,"15,400원",https://www.jigushop.co.kr/hobby/?idx=452,https://cdn.imweb.me/thumbnail/20220310/f1b0233d98565.jpg
지구샵,나부터,해봄수반,0,"16,800원",https://www.jigushop.co.kr/hobby/?idx=497,https://cdn.imweb.me/thumbnail/20220422/b3d454800e7eb.jpg
지구샵,어스맨,공정무역 교육키트 (티코스터 자수),0,"12,500원",https://www.jigushop.co.kr/hobby/?idx=707,https://cdn.imweb.me/thumbnail/20221202/5d2f07bac4e19.jpg
지구샵,밀키프로젝트,밀키큐브 업사이클링 DIY키트,0,"9,900원",https://www.jigushop.co.kr/hobby/?idx=450,https://cdn.imweb.me/thumbnail/20220310/f710b1a61c5d6.jpg
지구샵,밀키프로젝트,밀키바통 업사이클링 DIY키트,0,"17,600원",https://www.jigushop.co.kr/hobby/?idx=454,https://cdn.imweb.me/thumbnail/20220310/b5de08e96331a.jpg
지구샵,어스맨,공정무역 교육키트 (싸바이디),0,"10,000원",https://www.jigushop.co.kr/hobby/?idx=708,https://cdn.imweb.me/thumbnail/20221202/3cecf0b2a8043.jpg
지구샵,손끋비,밀랍랩 DIY키트 (교육/체험용),0,"9,900원",https://www.jigushop.co.kr/hobby/?idx=140,https://cdn.imweb.me/thumbnail/20220305/45fee3d7c5d40.jpg
지구샵,밀키프로젝트,밀키카드집 업사이클링 DIY키트,0,"13,200원",https://www.jigushop.co.kr/hobby/?idx=453,https://cdn.imweb.me/thumbnail/20220310/a196191416869.jpg
지구샵,월포스,업사이클 멜라민 화분 세트,0,"15,000원",https://www.jigushop.co.kr/hobby/?idx=691,https://cdn.imweb.me/thumbnail/20221117/12fb2d891c10e.jpg
지구샵,지구샵,스테인레스 빨대,0,"2,000원",https://www.jigushop.co.kr/drinkware/?idx=109,https://cdn.imweb.me/thumbnail/20221229/9327232b19146.jpg
지구샵,지구샵,유기농빨대파우치,0,"1,500원",https://www.jigushop.co.kr/drinkware/?idx=290,https://cdn.imweb.me/thumbnail/20210813/5888bff923b1a.jpg
지구샵,지구샵,빨대세척솔,0,"1,500원",https://www.jigushop.co.kr/drinkware/?idx=111,https://cdn.imweb.me/thumbnail/20220305/c2646559e1300.jpg
지구샵,이크,실리콘빨대 (20cm),0,"1,500원",https://www.jigushop.co.kr/drinkware/?idx=63,https://cdn.imweb.me/thumbnail/20220304/cfed14b091af3.jpg
지구샵,이크,실리콘빨대 (24cm),0,"2,000원",https://www.jigushop.co.kr/drinkware/?idx=62,https://cdn.imweb.me/thumbnail/20220305/1fecd79379d4b.jpg
지구샵,소락,소창 삼각 티백,0,"3,000원",https://www.jigushop.co.kr/drinkware/?idx=279,https://cdn.imweb.me/thumbnail/20210710/b63593f2dcbe8.jpg
지구샵,소락,빨대 파우치,0,"6,000원",https://www.jigushop.co.kr/drinkware/?idx=104,https://cdn.imweb.me/thumbnail/20210613/1adbff08d7f4a.jpg
지구샵,지구샵,버블티용 내열유리빨대,0,"5,000원",https://www.jigushop.co.kr/drinkware/?idx=93,https://cdn.imweb.me/thumbnail/20220219/9ca73505e5374.jpg
지구샵,지구샵,나무 티스푼,0,"2,000원",https://www.jigushop.co.kr/drinkware/?idx=124,https://cdn.imweb.me/thumbnail/20210601/1ff77f1f30e3d.jpg
지구샵,지구샵,라탄 컵받침,0,"3,500원",https://www.jigushop.co.kr/drinkware/?idx=247,https://cdn.imweb.me/thumbnail/20210615/6baf8041cd1b7.jpg
지구샵,지구샵,유리빨대,0,"4,000원",https://www.jigushop.co.kr/drinkware/?idx=296,https://cdn.imweb.me/thumbnail/20210813/be1a60900ffb2.jpg
지구샵,소락,소창 티백,0,"3,000원",https://www.jigushop.co.kr/drinkware/?idx=328,https://cdn.imweb.me/thumbnail/20211005/bbea082b568a5.jpg
지구샵,에이비라이프,개방형 실리콘빨대 (일반용),0,"1,900원",https://www.jigushop.co.kr/drinkware/?idx=331,https://cdn.imweb.me/thumbnail/20210928/4d4337e715071.jpg
지구샵,에이비라이프,개방형 실리콘빨대 (버블티용),0,"3,200원",https://www.jigushop.co.kr/drinkware/?idx=332,https://cdn.imweb.me/thumbnail/20210924/419657b4d4dce.jpg
지구샵,지구샵,키친클로스(체크),0,"15,000원",https://www.jigushop.co.kr/drinkware/?idx=503,https://cdn.imweb.me/thumbnail/20220428/7d480602a78b4.jpg
지구샵,지구샵,키친클로스(줄무늬),0,"15,000원",https://www.jigushop.co.kr/drinkware/?idx=502,https://cdn.imweb.me/thumbnail/20220428/5d71df1168f7e.jpg
지구샵,HUSKEE,허스키컵 싱글유닛 8온스,0,"19,000원",https://www.jigushop.co.kr/drinkware/?idx=717,https://cdn.imweb.me/thumbnail/20221206/388cd6342378b.jpg
지구샵,HUSKEE,허스키컵 싱글유닛 12온스,0,"21,000원",https://www.jigushop.co.kr/drinkware/?idx=718,https://cdn.imweb.me/thumbnail/20221206/ee8737184255e.jpg
지구샵,지구샵,나무 티포크,0,"2,000원",https://www.jigushop.co.kr/drinkware/?idx=123,https://cdn.imweb.me/thumbnail/20210628/2a31fa1c5dc2d.jpg
지구샵,지구샵,나무 버터나이프,0,"2,500원",https://www.jigushop.co.kr/drinkware/?idx=125,https://cdn.imweb.me/thumbnail/20210708/508312a4d6ccd.jpg
지구샵,스토조,보틀 (590ml),"36,000원","30,600원",https://www.jigushop.co.kr/drinkware/?idx=330,https://cdn.imweb.me/thumbnail/20211109/015c2a2f978c7.jpg
지구샵,소렉스,보틀 세척솔,0,"11,500원",https://www.jigushop.co.kr/drinkware/?idx=70,https://cdn.imweb.me/thumbnail/20220210/248710a6c5a8b.jpg
지구샵,클로에코,풀빨대 (50개입),0,"9,700원",https://www.jigushop.co.kr/drinkware/?idx=131,https://cdn.imweb.me/thumbnail/20220304/76e75e9fd8468.jpg
지구샵,로렌츠,반려동물 츄르 (8개입),0,"8,500원",https://www.jigushop.co.kr/companion-animal/?idx=152,https://cdn.imweb.me/thumbnail/20220305/e65f641838e03.jpg
지구샵,바잇미,미니 에코백,0,"8,900원",https://www.jigushop.co.kr/companion-animal/?idx=142,https://cdn.imweb.me/thumbnail/20220305/861c17f0a7da9.jpg
지구샵,바잇미,생분해성 배변봉투 (120매입),0,"9,900원",https://www.jigushop.co.kr/companion-animal/?idx=141,https://cdn.imweb.me/thumbnail/20220305/642bc8fb0be8e.jpg
지구샵,에티펫,강아지SOS 멀티밤,0,"9,900원",https://www.jigushop.co.kr/companion-animal/?idx=456,https://cdn.imweb.me/thumbnail/20220310/a5cbee31a1a21.jpg
지구샵,에티펫,강아지 발바닥 보호밤,0,"9,900원",https://www.jigushop.co.kr/companion-animal/?idx=455,https://cdn.imweb.me/thumbnail/20220310/071b31bf6a058.jpg
지구샵,프루티바스켓,내추럴 린넨 목욕망,0,"10,000원",https://www.jigushop.co.kr/companion-animal/?idx=462,https://cdn.imweb.me/thumbnail/20220317/a703d9178fe09.jpg
지구샵,프루티바스켓,캐롯 내추럴 반려동물 샴푸바,0,"22,000원",https://www.jigushop.co.kr/companion-animal/?idx=461,https://cdn.imweb.me/thumbnail/20220317/58336bfc4af99.jpg
지구샵,레미투미,동백꽃 노즈워크 장난감,"12,900원","11,610원",https://www.jigushop.co.kr/companion-animal/?idx=479,https://cdn.imweb.me/thumbnail/20220407/6d7846b65fbcb.jpg
지구샵,동구밭,올바른 강아지 천연비누,0,"12,000원",https://www.jigushop.co.kr/companion-animal/?idx=634,https://cdn.imweb.me/thumbnail/20220928/4144e050b1805.jpg
지구샵,빌리스벳,생분해 에코 풉백 (90매),0,"6,900원",https://www.jigushop.co.kr/companion-animal/?idx=703,https://cdn.imweb.me/thumbnail/20221124/269898bf912e8.jpg
지구샵,그리팅테일,다회용 배변패드,0,"12,000원",https://www.jigushop.co.kr/companion-animal/?idx=373,https://cdn.imweb.me/thumbnail/20220305/7f083e79e0ecf.jpg
지구샵,소중한모든것,아끼링 ver.2,0,"10,000원",https://www.jigushop.co.kr/companion-animal/?idx=699,https://cdn.imweb.me/thumbnail/20221128/f8e40f5ba8c25.jpg
지구샵,소중한모든것,카라비너,0,"4,000원",https://www.jigushop.co.kr/companion-animal/?idx=700,https://cdn.imweb.me/thumbnail/20221128/7f998e3dd4e75.jpg
지구샵,빌리스벳,프로바이오틱스 원 395,0,"29,000원",https://www.jigushop.co.kr/companion-animal/?idx=701,https://cdn.imweb.me/thumbnail/20221124/9c86fe2b9ce46.jpg
지구샵,비앙코,생분해성 화장솜 (400매입),0,"9,900원",https://www.jigushop.co.kr/cosmetic/?idx=378,https://cdn.imweb.me/thumbnail/20220304/12b08ecf05792.jpg
지구샵,샘크래프트,오리진밤 (멀티밤),0,"9,900원",https://www.jigushop.co.kr/cosmetic/?idx=176,https://cdn.imweb.me/thumbnail/20210227/c24562816ea3e.jpg
지구샵,소락,면 화장솜 (4매입),0,"11,000원",https://www.jigushop.co.kr/cosmetic/?idx=17,https://cdn.imweb.me/thumbnail/20221028/4bc3fda6abf31.jpg
지구샵,체이싱래빗,매직 뷰티 슈룸 에센스,0,"21,000원",https://www.jigushop.co.kr/cosmetic/?idx=184,https://cdn.imweb.me/thumbnail/20210614/e0f67a2b104b0.jpg
지구샵,샘크래프트,퍼퓸밤 (디어프리지아),0,"12,000원",https://www.jigushop.co.kr/cosmetic/?idx=357,https://cdn.imweb.me/thumbnail/20220629/aca2ef232bbaf.jpg
지구샵,샘크래프트,퍼퓸밤 (이그제틱부쉬),0,"12,000원",https://www.jigushop.co.kr/cosmetic/?idx=358,https://cdn.imweb.me/thumbnail/20220629/f1b9fb79529ec.jpg
지구샵,샘크래프트,퍼퓸밤 (멜로우가든),0,"12,000원",https://www.jigushop.co.kr/cosmetic/?idx=360,https://cdn.imweb.me/thumbnail/20220629/414fe50e5e385.jpg
지구샵,율립,비건 립밤,0,"25,000원",https://www.jigushop.co.kr/cosmetic/?idx=421,https://cdn.imweb.me/thumbnail/20220304/9253223ea16e5.jpg
지구샵,동구밭,올바른 거품 입욕제,0,"7,000원",https://www.jigushop.co.kr/cosmetic/?idx=458,https://cdn.imweb.me/thumbnail/20221028/a03528c6e5631.jpg
지구샵,마일리솝,멜팅마일리 리필(60g),"24,600원","20,900원",https://www.jigushop.co.kr/cosmetic/?idx=514,https://cdn.imweb.me/thumbnail/20220519/901e477e4d3ca.jpg
지구샵,아로마티카,유리 디스펜서 용기 300ml,0,"6,500원",https://www.jigushop.co.kr/cosmetic/?idx=794,https://cdn.imweb.me/thumbnail/20230130/c707e91753cf8.jpg
지구샵,아로마티카,재활용 페트 용기 500ml,0,"5,000원",https://www.jigushop.co.kr/cosmetic/?idx=793,https://cdn.imweb.me/thumbnail/20230130/e8b8b285f12b9.jpg
지구샵,허블룸,데일리 톤업 비건 썬스크린,"28,000원","25,200원",https://www.jigushop.co.kr/cosmetic/?idx=379,https://cdn.imweb.me/thumbnail/20211224/8b8acf5b362d6.jpg
지구샵,샘크래프트,샌달우드 오일세럼,0,"39,000원",https://www.jigushop.co.kr/cosmetic/?idx=420,https://cdn.imweb.me/thumbnail/20211216/507b2440fa548.jpg
지구샵,샘크래프트,퍼퓸밤 (솝센트),0,"12,000원",https://www.jigushop.co.kr/cosmetic/?idx=359,https://cdn.imweb.me/thumbnail/20220629/09d93ebd5ba3c.jpg
지구샵,아로마티카,재활용 페트 용기 200ml,0,"4,000원",https://www.jigushop.co.kr/cosmetic/?idx=792,https://cdn.imweb.me/thumbnail/20230130/552d347029785.jpg
지구샵,지구샵,제로캐릭터엽서,"2,000원","1,500원",https://www.jigushop.co.kr/stationery/?idx=28,https://cdn.imweb.me/thumbnail/20200819/1c5431379c6c8.jpg
지구샵,지구샵,제로웨이스트 패션 스티커팩,"3,500원","2,400원",https://www.jigushop.co.kr/stationery/?idx=27,https://cdn.imweb.me/thumbnail/20220304/b26f6f94e0df4.jpg
지구샵,지구샵,THERE IS NO PLANET B 포스터,0,"8,000원",https://www.jigushop.co.kr/stationery/?idx=29,https://cdn.imweb.me/thumbnail/20220304/f5552453ad903.jpg
지구샵,스테이그린,비목재 메모패드 (메모),0,"3,500원",https://www.jigushop.co.kr/stationery/?idx=267,https://cdn.imweb.me/thumbnail/20210716/2d17891dfa5cf.jpg
지구샵,스테이그린,비목재 메모패드 (필환경시대),0,"3,500원",https://www.jigushop.co.kr/stationery/?idx=268,https://cdn.imweb.me/thumbnail/20210610/7fc8f6dcdb7bb.jpg
지구샵,스테이그린,비목재 메모패드 (플로깅데이),0,"4,000원",https://www.jigushop.co.kr/stationery/?idx=270,https://cdn.imweb.me/thumbnail/20220305/3c5b9fd18093e.jpg
지구샵,지구샵,제로웨이스트치어링스티커팩,"6,000원","4,800원",https://www.jigushop.co.kr/stationery/?idx=374,https://cdn.imweb.me/thumbnail/20211101/c994e038b1834.jpg
지구샵,프로젝트 1907,라운드 파우치,0,"15,000원",https://www.jigushop.co.kr/stationery/?idx=403,https://cdn.imweb.me/thumbnail/20220914/05395d39b34a8.jpg
지구샵,프로젝트 1907,필통,0,"9,000원",https://www.jigushop.co.kr/stationery/?idx=404,https://cdn.imweb.me/thumbnail/20211202/be87db836567c.jpg
지구샵,올뉴코리아,강릉 커피 연필,0,"4,000원",https://www.jigushop.co.kr/stationery/?idx=508,https://cdn.imweb.me/thumbnail/20220512/822d5bb715ceb.jpg
지구샵,프로젝트 1907,미니 펜슬 케이스,0,"7,500원",https://www.jigushop.co.kr/stationery/?idx=689,https://cdn.imweb.me/thumbnail/20221122/b22c6579aa6fa.jpg
지구샵,노플라스틱선데이,크리스마스 키링,0,"6,500원",https://www.jigushop.co.kr/stationery/?idx=728,https://cdn.imweb.me/thumbnail/20221208/3cd68c076289b.jpg
지구샵,지구샵,신입사원 웰컴키트,0,"82,900원",https://www.jigushop.co.kr/stationery/?idx=836,https://cdn.imweb.me/thumbnail/20230310/fd92714ad383c.jpg
지구샵,오롬주식회사,LP판 업사이클링 레코드노트 드로잉북 (무선),0,"27,400원",https://www.jigushop.co.kr/stationery/?idx=465,https://cdn.imweb.me/thumbnail/20220317/defd6d5e7e88d.jpg
지구샵,오롬주식회사,LP판 업사이클링 레코드노트 미디엄 (유선),0,"15,900원",https://www.jigushop.co.kr/stationery/?idx=464,https://cdn.imweb.me/thumbnail/20220317/c90c0ea6bf1ff.jpg
지구샵,오롬주식회사,LP판 업사이클링 레코드노트 스크랩북 (유선+무선),0,"26,900원",https://www.jigushop.co.kr/stationery/?idx=466,https://cdn.imweb.me/thumbnail/20220317/882543297e50a.jpg
지구샵,스테이그린,비목재 메모패드 (베지테리언),0,"4,000원",https://www.jigushop.co.kr/stationery/?idx=269,https://cdn.imweb.me/thumbnail/20220305/1dd45ca46f0c9.jpg
지구샵,블루워시,고체 세탁세제,"27,400원","21,900원",https://www.jigushop.co.kr/living/?idx=351,https://cdn.imweb.me/thumbnail/20220411/d405ebcebcda8.jpg
지구샵,수퍼빈,잘떼쓰틱,0,"13,000원",https://www.jigushop.co.kr/living/?idx=409,https://cdn.imweb.me/thumbnail/20230209/54acbfed4fcf5.jpg
지구샵,지구샵,유기농빨대파우치,0,"1,500원",https://www.jigushop.co.kr/living/?idx=290,https://cdn.imweb.me/thumbnail/20210813/5888bff923b1a.jpg
지구샵,블루워시,고체 섬유유연제,"26,200원","20,900원",https://www.jigushop.co.kr/living/?idx=352,https://cdn.imweb.me/thumbnail/20220704/c5eef4c52d66a.jpg
지구샵,노플라스틱선데이,튜브짜개,0,"4,000원",https://www.jigushop.co.kr/living/?idx=586,https://cdn.imweb.me/thumbnail/20230102/ad3a6ff959031.jpg
지구샵,지구샵,재사용 플라스틱 알약커팅기,0,"9,900원",https://www.jigushop.co.kr/living/?idx=738,https://cdn.imweb.me/thumbnail/20221223/07cb6f98422d0.jpg
지구샵,지구샵,스테인레스 집게 걸이,0,800원,https://www.jigushop.co.kr/living/?idx=714,https://cdn.imweb.me/thumbnail/20221201/6d85cfa53e8ef.jpg
지구샵,소락,휴대용 면휴지 (4매입),0,"12,000원",https://www.jigushop.co.kr/living/?idx=105,https://cdn.imweb.me/thumbnail/20210720/0d8c4f89383ca.jpg
지구샵,스투파,인센스튜브,0,"10,000원",https://www.jigushop.co.kr/living/?idx=526,https://cdn.imweb.me/thumbnail/20220526/72d1f9233f773.jpg
지구샵,지구샵,S자 고리,0,"1,000원",https://www.jigushop.co.kr/living/?idx=715,https://cdn.imweb.me/thumbnail/20221201/7d97434df0c33.jpg
지구샵,지구샵,칫솔파우치,0,"3,500원",https://www.jigushop.co.kr/living/?idx=18,https://cdn.imweb.me/thumbnail/20211022/a277b6b990ad5.jpg
지구샵,지구샵,유기농그물주머니,0,"3,000원",https://www.jigushop.co.kr/living/?idx=88,https://cdn.imweb.me/thumbnail/20220202/e0baf38857305.jpg
지구샵,지구샵,지구샵 유기농 수건 핸드타월,"13,500원","12,000원",https://www.jigushop.co.kr/living/?idx=127,https://cdn.imweb.me/thumbnail/20221012/cd56863434adf.jpg
지구샵,바잇미,미니 에코백,0,"8,900원",https://www.jigushop.co.kr/living/?idx=142,https://cdn.imweb.me/thumbnail/20220305/861c17f0a7da9.jpg
지구샵,풍경향방,인센스 스틱,0,"8,000원",https://www.jigushop.co.kr/living/?idx=153,https://cdn.imweb.me/thumbnail/20210805/2abc497f5e1ee.jpg
지구샵,샘크래프트,어흥밤 화이트 (아로마밤),0,"9,200원",https://www.jigushop.co.kr/living/?idx=182,https://cdn.imweb.me/thumbnail/20210616/e08e71cd45069.jpg
지구샵,풍경향방,인센스 홀더,0,"8,000원",https://www.jigushop.co.kr/living/?idx=253,https://cdn.imweb.me/thumbnail/20210805/076c03ed1c52f.jpg
지구샵,소락,리필용 면휴지 (5매),0,"7,500원",https://www.jigushop.co.kr/living/?idx=313,https://cdn.imweb.me/thumbnail/20211007/ebda97d4c2b15.jpg
지구샵,꽃마리협동조합,과탄산소다 세탁비누,0,"8,000원",https://www.jigushop.co.kr/living/?idx=326,https://cdn.imweb.me/thumbnail/20211005/1a375aa5acf3d.jpg
지구샵,프로젝트 1907,라운드 파우치,0,"15,000원",https://www.jigushop.co.kr/living/?idx=403,https://cdn.imweb.me/thumbnail/20220914/05395d39b34a8.jpg
지구샵,프로젝트 1907,필통,0,"9,000원",https://www.jigushop.co.kr/living/?idx=404,https://cdn.imweb.me/thumbnail/20211202/be87db836567c.jpg
지구샵,지구샵,키친클로스(체크),0,"15,000원",https://www.jigushop.co.kr/living/?idx=503,https://cdn.imweb.me/thumbnail/20220428/7d480602a78b4.jpg
지구샵,지구샵,키친클로스(줄무늬),0,"15,000원",https://www.jigushop.co.kr/living/?idx=502,https://cdn.imweb.me/thumbnail/20220428/5d71df1168f7e.jpg
지구샵,해피얼쓰,유기농 코튼 면봉,0,"3,500원",https://www.jigushop.co.kr/living/?idx=509,https://cdn.imweb.me/thumbnail/20220512/a0dec0d637d19.jpg
지구샵,지구샵,유기농배색그물장바구니,0,"7,000원",https://www.jigushop.co.kr/living/?idx=550,https://cdn.imweb.me/thumbnail/20221209/ef0ab51d01aad.jpg
지구샵,지구샵,유기농 핸드타월 (1매),0,"4,500원",https://www.jigushop.co.kr/living/?idx=649,https://cdn.imweb.me/thumbnail/20221012/5f6ce8e99ddb9.jpg
지구샵,지구샵,유기농 핸드타월 (7매),"31,500원","25,200원",https://www.jigushop.co.kr/living/?idx=651,https://cdn.imweb.me/thumbnail/20221012/385af54527c53.jpg
지구샵,프로젝트 1907,미니 호보백,0,"39,000원",https://www.jigushop.co.kr/living/?idx=688,https://cdn.imweb.me/thumbnail/20221122/49dd31eca158a.jpg
지구샵,프로젝트 1907,스크런치,0,"6,000원",https://www.jigushop.co.kr/living/?idx=690,https://cdn.imweb.me/thumbnail/20221122/2ee5669b96898.jpg
지구샵,프로젝트 1907,미니 펜슬 케이스,0,"7,500원",https://www.jigushop.co.kr/living/?idx=689,https://cdn.imweb.me/thumbnail/20221122/b22c6579aa6fa.jpg
지구샵,지구샵,키친클로스 테이블매트 (스티치),0,"10,000원",https://www.jigushop.co.kr/living/?idx=716,https://cdn.imweb.me/thumbnail/20221206/080215a3b9669.jpg
지구샵,스투디올로,휴의 팔로산토 Gift set,"28,000원","23,800원",https://www.jigushop.co.kr/living/?idx=727,https://cdn.imweb.me/thumbnail/20221208/2ec6074824bbf.jpg
지구샵,노플라스틱선데이,크리스마스 키링,0,"6,500원",https://www.jigushop.co.kr/living/?idx=728,https://cdn.imweb.me/thumbnail/20221208/3cd68c076289b.jpg
지구샵,아로마티카,유리 디스펜서 용기 300ml,0,"6,500원",https://www.jigushop.co.kr/living/?idx=794,https://cdn.imweb.me/thumbnail/20230130/c707e91753cf8.jpg
지구샵,아로마티카,재활용 페트 용기 500ml,0,"5,000원",https://www.jigushop.co.kr/living/?idx=793,https://cdn.imweb.me/thumbnail/20230130/e8b8b285f12b9.jpg
지구샵,더험블코리아,험블 대나무 면봉,0,"3,900원",https://www.jigushop.co.kr/living/?idx=472,https://cdn.imweb.me/thumbnail/20220324/2831d094a9bc5.jpg
지구샵,더험블코리아,험블 치실픽,0,"4,900원",https://www.jigushop.co.kr/living/?idx=473,https://cdn.imweb.me/thumbnail/20220324/96e636e2adac6.jpg
지구샵,스투파,인센스로프,0,"10,000원",https://www.jigushop.co.kr/living/?idx=527,https://cdn.imweb.me/thumbnail/20220526/cb5c5940a3161.jpg
지구샵,프로젝트 1907,토트백,0,"42,000원",https://www.jigushop.co.kr/living/?idx=687,https://cdn.imweb.me/thumbnail/20221122/c583a3f914e2d.jpg
지구샵,소중한모든것,아끼링 ver.2,0,"10,000원",https://www.jigushop.co.kr/living/?idx=699,https://cdn.imweb.me/thumbnail/20221128/f8e40f5ba8c25.jpg
지구샵,소중한모든것,카라비너,0,"4,000원",https://www.jigushop.co.kr/living/?idx=700,https://cdn.imweb.me/thumbnail/20221128/7f998e3dd4e75.jpg
지구샵,지구샵,병뚜껑 아크릴 수거함,0,"550,000원",https://www.jigushop.co.kr/living/?idx=729,https://cdn.imweb.me/thumbnail/20221208/1c8e6a6238956.jpg
지구샵,지구샵,지구샵 유기농 수건 핸드타월,"21,000원","18,900원",https://www.jigushop.co.kr/living/?idx=26,https://cdn.imweb.me/thumbnail/20221012/2418db711befd.jpg
지구샵,지구샵,유기농 수건 (7매),"49,000원","39,000원",https://www.jigushop.co.kr/living/?idx=654,https://cdn.imweb.me/thumbnail/20221012/aa321c68cbcea.jpg
지구샵,지구샵,유기농 수건 (1매),0,"7,000원",https://www.jigushop.co.kr/living/?idx=652,https://cdn.imweb.me/thumbnail/20221012/c02281893c964.jpg
지구샵,아로마티카,재활용 페트 용기 200ml,0,"4,000원",https://www.jigushop.co.kr/living/?idx=792,https://cdn.imweb.me/thumbnail/20230130/552d347029785.jpg