,COT_CONTS_NAME,COT_CONTS_ID,COT_VALUE_03,COT_COORD_X,COT_COORD_Y,COT_VALUE_04,COT_VALUE_05,COT_CONTS_STAT,COT_CONTS_GEOM,COT_EXTRA_DATA_02,COT_CONTS_TYPE,COT_GU_NAME,COT_THEME_SUB_ID,COT_ADDR_FULL_NEW,COT_COORD_TYPE,COT_ADDR_FULL_OLD,COT_TEL_NO
0, Walking on Sunshine,11103395_1658122392322, 화~토 11:30 ~ 20:30/ 월 휴무,127.020674236,37.589371645," 스무디볼, 수제 그래놀라 ",http://www.instagram.com/walking__onsunshine_,1,POINT(127.020674236 37.589371645),https://m.smartstore.naver.com/walkingonsunshine,2,성북구,1,서울특별시 성북구 보문로30가길 17,1,서울특별시 성북구 동선동2가 194,02-6012-5931
1, 카페 그뢴,zerowaste_0074," 월~금 08:00~19:00, 토 10:00~17:00, 일 휴무",127.126334836,37.533707350," 음료(직업 로스팅한 스페셜티 커피, 티, 수제 과일청) ",http://www.instagram.com/cafe_gron,1,POINT(127.126334836 37.53370735),m.smartstore.naver.com/cafe_gron/,2,강동구,1,서울특별시 강동구 풍성로37길 41,1,서울특별시 강동구 성내동 139-4,0507-1348-6068
2,1.5도씨,zerowaste_0024,10:00-20:00 / 월요일 휴무,126.912583627,37.483568434,"커피,화장품리필,세제리필.플라스틱이 나오지 않는 물건",http://www.instagram.com/1.5_do_c,1,POINT(126.91258 37.48357),https://linktr.ee/1.5_do_c,2,관악구,3,서울특별시 관악구 조원로18길 15,1,서울특별시 관악구 신림동 531,0507-1355-9173
3,CSJ COFFEE,zerowaste_2023_046,"월~금 09:00 ~ 18:00, 일 휴무",127.058050888,37.558632628,커피 음료,https://www.instagram.com/csjcoffee/?hl=ko,1,POINT(127.058050888 37.558632628),-,2,성동구,1,서울특별시 성동구 자동차시장길 49,1,서울특별시 성동구 용답동 250-14,-
4,GS25 DX LAB점,zerowaste_2023_018,연중 24시간 운영,127.040690000,37.502400000,,,1,POINT(127.04069 37.5024),http://gs25.gsretail.com/,2,강남구,1,서울특별시 강남구 테헤란로 223,1,서울특별시 강남구 역삼동 677-25,-
5,HK이노엔_사내카페,zerowaste_2023_031,"월~금 09:00 ~ 18:00, 토,일 휴무",126.988150000,37.565650000,커피 음료,,1,POINT(126.98815 37.56565),http://www.inno-n.com,2,중구,1,서울특별시 중구 을지로 100,1,서울특별시 중구 을지로2가 203,02-6477-0000
6,SK T보라매 사옥_아이갓에브리씽,zerowaste_2023_028,월~금 08:30 ~ 21:00,126.926470000,37.492210000,커피 음료,,1,POINT(126.92647 37.49221),-,2,관악구,1,서울특별시 관악구 보라매로5길 1,1,서울특별시 관악구 봉천동 729-1,02-840-1570
7,SK T타워_사내카페 (신세계푸드),zerowaste_2023_001,"월~금 09:00 ~ 18:00, 토,일 휴무",126.985110000,37.566490000,커피 음료,https://www.instagram.com/sktelecom/,1,POINT(126.98511 37.56649),www.sktelecom.com,2,중구,1,서울특별시 중구 을지로 65,1,서울특별시 중구 을지로2가 11,02-6100-2114
8,SK T타워_사내카페 (후니드),zerowaste_2023_002,"월~금 09:00 ~ 18:00, 토,일 휴무",126.985110000,37.566490000,커피 음료,https://www.instagram.com/sktelecom/,1,POINT(126.98511 37.56649),www.sktelecom.com,2,중구,1,서울특별시 중구 을지로 65,1,서울특별시 중구 을지로2가 11,02-6100-2114
9,THE YOUNG(더영),zerowaste_2023_094,"월~금 07:00 ~ 20:00, 토 09:00 ~ 17:00, 일 휴무",126.892950000,37.578520000,커피 음료,,1,POINT(126.89295 37.57852),-,2,마포구,1,서울특별시 마포구 매봉산로 75,1,서울특별시 마포구 상암동 1610,0507-1493-5556
10,㈜리싸이클시티,11103395_1651060333290,"월~일 09:00~18:00
",127.156964748,37.557012452,"제로웨이스트제품(생활/주방/욕실용품), 리필",,1,POINT(127.15697 37.55701),https://lwww.rety.co.kr,2,강동구,5,서울특별시 강동구 동남로 930,1,서울특별시 강동구 고덕동 302,-1588-8425
11,감탄상회,zerowaste_2022041,"월-일 10:00-20:00  연중무휴
",126.943191527,37.499355822,"친환경생필품, 대나무칫솔, 세안비누, 대나무화장지 등",https://www.instagram.com/gamtan_store/,1,POINT(126.94319 37.499355),https://www.instagram.com/gamtan_store/,2,동작구,5,서울특별시 동작구 양녕로29길 16,1,서울특별시 동작구 상도동 208-23,0507-1312-9324
12,곰냥콩냥드루와,zerowaste_2023_082,"화~일 10:00 ~ 22:00, 월 휴무",126.847980000,37.530090000,커피 음료,,1,POINT(126.84798 37.53009),-,2,강서구,1,서울특별시 강서구 강서로 24,1,서울특별시 강서구 화곡동 894-18,0507-1326-7939
13,공기(대안생활 1호점),zerowaste_0033,"월~금 09:00~18:00/ 토, 일, 공휴일 휴무",127.124930802,37.551128978,"세제 소분, 비누바, 생분해 제품, 친환경 생활용품 등",http://www.instagram.com/gonggi_2020,1,POINT(127.12493 37.55113),https://linktr.ee/gonggi_2020,2,강동구,3,서울특별시 강동구 상암로 10,1,서울특별시 강동구 암사동 510-20,010-9948-0716
14,공상온도,zerowaste_2023_091,"월~목,일 12:30 ~ 20:00, 금 12:30 ~ 18:00, 토 휴무",126.906740000,37.552500000,커피 음료,https://www.instagram.com/gongsangondo/,1,POINT(126.90674 37.5525),http://www.gongsangondo.com/,2,마포구,1,서울특별시 마포구 동교로 40,1,서울특별시 마포구 합정동 433-1,0507-1404-0247
15,광진구청,zerowaste_2023_051,"월~금 09:00 ~ 18:00, 토,일 휴무",127.081920000,37.538550000,,,1,POINT(127.08192 37.53855),http://www.gwangjin.go.kr/,2,광진구,1,서울특별시 광진구 자양로 117,1,서울특별시 광진구 자양동 777,02-450-1114
16,구로구청,zerowaste_2023_069,"월~금 09:00 ~ 18:00, 토,일 휴무",126.888110000,37.495740000,,https://www.instagram.com/guro_gu,1,POINT(126.88811 37.49574),https://www.guro.go.kr/,2,구로구,1,서울특별시 구로구 가마산로 245,1,서울특별시 구로구 구로동 435,02-860-2114
17,구로구청 카페_카페95,zerowaste_2023_070,"월~금 09:00 ~ 18:00, 토,일 휴무",126.888110000,37.495740000,커피 음료,,1,POINT(126.88811 37.49574),-,2,구로구,1,서울특별시 구로구 가마산로 245,1,서울특별시 구로구 구로동 435,02-860-2146
18,국민대학교 교내카페 (카페나무),zerowaste_2023_078,"월~금 09:00 ~ 18:00, 토,일 휴무",126.998396037,37.609899734,커피 음료,,1,POINT(126.998396037 37.609899734),http://www.kookmin.ac.kr/,2,성북구,1,서울특별시 성북구 정릉로 119-39,1,서울특별시 성북구 정릉동 산 1-79,02-910-4114
19,굿바이마켓,11103395_1651060736954,"월~금 10:30~19:30, 토 11:00~17:00, 일요일 정기휴무",126.967257572,37.525629570,"식품, 패션잡화, 리필스테이션, 청소용품 등",,1,POINT(126.967255 37.52563),,2,용산구,4,서울특별시 용산구 서빙고로 17,1,서울특별시 용산구 한강로3가 98,070-4369-5982
20,금천구청,zerowaste_2023_073,"월~금 09:00 ~ 18:00, 토,일 휴무",126.896040000,37.457070000,,,1,POINT(126.89604 37.45707),http://www.geumcheon.go.kr/,2,금천구,1,서울특별시 금천구 시흥대로73길 70,1,서울특별시 금천구 시흥동 1020,02-2627-2114
21,꿈꾸는 고래,zerowaste_0056,,126.909702562,37.604340696,"커피, 원두 등",http://www.instagram.com/dreamingwhale_cafe_workroom,1,POINT(126.909702562 37.604340696),,2,은평구,1,서울특별시 은평구 갈현로9길 5-16,1,서울특별시 은평구 역촌동 72-7,070-7809-7482
22,노들섬(블루메쯔),zerowaste_2023_023,"화~일 11:00 ~ 21:00, 월 휴무",126.958040000,37.517660000,양식,https://www.instagram.com/blumetz.official/?hl=ko,1,POINT(126.95804 37.51766),-,2,용산구,1,서울특별시 용산구 양녕로 445,1,서울특별시 용산구 이촌동 302-146,0507-1375-6658
23,노들섬A(노들펍),zerowaste_2023_020,매일 12:00 ~ 21:00,126.958040000,37.517660000,양식,,1,POINT(126.95804 37.51766),-,2,용산구,1,서울특별시 용산구 양녕로 445,1,서울특별시 용산구 이촌동 302-146,0507-1343-7951
24,노들섬B,zerowaste_2023_021,"월~금 07:00 ~ 22:00, 토-일 09:00-21:30",126.958040000,37.517660000,,,1,POINT(126.95804 37.51766),-,2,용산구,1,서울특별시 용산구 양녕로 445,1,서울특별시 용산구 이촌동 302-146,-
25,노들섬C(올두바이),zerowaste_2023_022,매일 10:00 ~ 21:00,126.958040000,37.517660000,커피 음료,,1,POINT(126.95804 37.51766),-,2,용산구,1,서울특별시 용산구 양녕로 445,1,서울특별시 용산구 이촌동 302-146,0507-1372-1986
26,노들섬D,zerowaste_2023_024,"월~금 07:00 ~ 22:00, 토-일 09:00-21:30",126.958040000,37.517660000,,,1,POINT(126.95804 37.51766),-,2,용산구,1,서울특별시 용산구 양녕로 445,1,서울특별시 용산구 이촌동 302-146,-
27,노원구청,zerowaste_2023_076,"월~금 09:00 ~ 18:00, 토,일 휴무",127.056280000,37.654510000,,,1,POINT(127.05628 37.65451),http://www.nowon.kr/,2,노원구,1,서울특별시 노원구 노해로 437,1,서울특별시 노원구 상계동 701-1,02-2116-3114
28,노원구청 카페_노원437,zerowaste_2023_077,"월~금 09:00 ~ 18:00, 토,일 휴무",127.056280000,37.654510000,커피 음료,https://www.instagram.com/cafe_nowon437,1,POINT(127.05628 37.65451),-,2,노원구,1,서울특별시 노원구 노해로 437,1,서울특별시 노원구 상계동 701-1,02-2116-3510
29,놀자샵,zerowaste_2022002,월~금 10:00~17:30(주말 불규칙적 오픈),126.840380850,37.539151806,"플로깅KIT, 리필스테이션, 생분해비닐, 수세미, 대나무칫솔, 소창행주, 교육프로그램", http://www.instagram.com/nolja_shop,1,POINT(126.84038 37.53915), www.inculture.net,2,강서구,3,서울특별시 강서구 강서로29길 27,1,서울특별시 강서구 화곡동 400-13,02-6339-0979
30,늘보따리,zerowaste_0071,월~일 13:00~20:00 (목요일 휴무),126.928184397,37.561031680,"세탁세제류, 주방세제류, 친환경 생활용품/주방용품/욕실용품",http://www.instagram.com/neul.bo.ddari,1,POINT(126.928185 37.56103),https://blog.naver.com/neulboddari,2,서대문구,3,서울특별시 서대문구 연희로4길 24,1,서울특별시 서대문구 창천동 403,02-2658-0561
31,니트앤커피,zerowaste_2023_036,"월~금 07:00 ~ 18:00, 토 07:00-17:00. 일 휴무",127.000730000,37.569140000,커피 음료,,1,POINT(127.00073 37.56914),-,2,중구,1,서울특별시 중구 청계천로 208,1,서울특별시 중구 주교동 24-1,0507-1393-3413
32,다-용도실,zerowaste_0057,,126.919933605,37.614077868,"음료, 디저트 등",http://www.instagram.com/da_yongdosil,1,POINT(126.919933605 37.614077868),,2,은평구,1,서울특별시 은평구 연서로20길 17,1,서울특별시 은평구 대조동 215-28,010-6838-3538
33,다숲,zerowaste_2022044,"운영시간을 작성하세요
※ 입력시 내용을 삭제해주세요",126.952582229,37.477608850,"통수세미, 리필세제, 코코넛식빵수세미 등",https://www.instagram.com/dasoop_in/,1,POINT(126.95258 37.477608),https://dasoopin.modoo.at/,2,관악구,3,서울특별시 관악구 관악로 140,1,서울특별시 관악구 봉천동 1597-17,02-877-0110
34,"대신증권A,B,C_사내카페",zerowaste_2023_030,"월~금 09:00 ~ 18:00, 토,일 휴무",126.987080000,37.565110000,커피 음료,,1,POINT(126.98708 37.56511),https://www.daishin.com/,2,중구,1,서울특별시 중구 삼일대로 343,1,서울특별시 중구 저동1가 114,-
35,댄싱컵,zerowaste_2023_056,"월~금 07:00 ~ 22:00, 토,일 10:30-21:00",126.833171500,37.560612500,커피 음료,,1,POINT(126.8331715 37.5606125),-,2,강서구,1,서울특별시 강서구 마곡동로 61,1,서울특별시 강서구 마곡동 772-8,02-3663-7588
36,더금하제로마켓,zerowaste_2022027,"운영시간을 작성하세요
※ 입력시 내용을 삭제해주세요",126.891430758,37.452988185,"리필세제, 측백오일제품 등","https://www.instagram.com/아이디 형식으로 작성하세요, 없을 경우 공란
※ 입력시 내용을 삭제해주세요",1,POINT(126.89143 37.452988),,2,금천구,3,서울특별시 금천구 금하로1다길 16,1,서울특별시 금천구 독산동 1118-8,
37,더데일리카페인을지로,zerowaste_2023_037,"월~금 08:00 ~ 19:00, 토 12:00-19:00. 일 휴무",126.992390000,37.564150000,커피 음료,,1,POINT(126.99239 37.56415),-,2,중구,1,서울특별시 중구 마른내로2길 6,1,서울특별시 중구 초동 70-8,0507-1334-6928
38,더라운지,11103395_1655169282204,"운영시간을 작성하세요
※ 입력시 내용을 삭제해주세요",126.984974747,37.566445492,"판매물품 또는 판매 식음료를 작성하세요
※ 입력시 내용을 삭제해주세요","https://www.instagram.com/아이디 형식으로 작성하세요, 없을 경우 공란
※ 입력시 내용을 삭제해주세요",1,POINT(126.984974747 37.566445492),,2,중구,1,서울특별시 중구 을지로 65,1,서울특별시 중구 을지로2가 11,
39,더바디샵 강남대로점,zerowaste_0043,매일 11:00~22:00,127.025096436,37.502463178,바디워시 샴푸 등 세정류 화장품 리필 가능(지정된 알루미늄 병에만 리필 가능),http://www.instagram.com/thebodyshop_korea,1,POINT(127.025096436 37.502463178),https://www.thebodyshop.co.kr/,2,서초구,3,서울특별시 서초구 강남대로 449,1,서울특별시 서초구 서초동 1304-2,02-3482-4526
40,더테이블,11103395_1655169224240,"운영시간을 작성하세요
※ 입력시 내용을 삭제해주세요",126.984936922,37.566487420,"판매물품 또는 판매 식음료를 작성하세요
※ 입력시 내용을 삭제해주세요","https://www.instagram.com/아이디 형식으로 작성하세요, 없을 경우 공란
※ 입력시 내용을 삭제해주세요",1,POINT(126.984936922 37.56648742),,2,중구,1,서울특별시 중구 을지로 65,1,서울특별시 중구 을지로2가 11,
41,덕분애,zerowaste_0046,"월~토 12~8시, 일 휴무",127.023036710,37.502681610,"대나무밴드, 고체치약, 대나무칫솔, 천연수세미 리필스테이션 외",http://www.instagram.com/thanksto__zerowaste.seoul,1,POINT(127.02303 37.50268),www.thanksto.co.kr,2,서초구,3,서울특별시 서초구 서운로26길 11,1,서울특별시 서초구 서초동 1302-37,02-6959-4479
42,동네방네,zerowaste_2022003, 월~금 09:30~20:00  토 10:00~18:00,127.069585312,37.665704082, 재활용 의류 잡화 세제 리필스테이션,,1,POINT(127.069585312 37.665704082),,2,노원구,3,서울특별시 노원구 한글비석로24라길 87,1,서울특별시 노원구 상계동 135-34,02-938-3583
43,되살림가게_새록1호점,zerowaste_0062,월~금 10시~20시  토~일 10시~18시 ,127.060762697,37.654945030,"제로웨이스트제품(생활/주방/욕실용품)
기증받은 재이용물품(의류,잡화,아동용품 등)",http://www.instagram.com/saerok_official,1,POINT(127.060762697 37.65494503),https://linktr.ee/saerok_official,2,노원구,5,서울특별시 노원구 동일로 1414,1,서울특별시 노원구 상계동 713,02-930-0369
44,두레생협(구산점),zerowaste_2022045,월-토 10:00-21:00 일 12:00-18:00,126.913995463,37.612675655,"친환경생필품, 코코넛세안비누, 과일 등",https//www.instagram.com/epdure,1,POINT(126.913995463 37.612675655),https//www.instagram.com/epdure,2,은평구,3,서울특별시 은평구 서오릉로 175,1,서울특별시 은평구 구산동 198-1,02-385-6233
45,두레생협(남구로점),zerowaste_2022013,월-금 10:00-21:00 토-일 10:00-18:00,126.889631348,37.486575150,"친환경생필품, 리필",https://www.instagram.com/durecoopunion,1,POINT(126.88963 37.486576),,2,구로구,3,서울특별시 구로구 도림로12길 27,1,서울특별시 구로구 구로동 781-7,02-838-5615
46,두레생협(녹번역점),zerowaste_2022021,"월-토 10:00-21:00 일 10:00-18:00
",126.935165303,37.601112920,"친환경생필품, 리필세제, 곡류 등","https://www.instagram.com/epdure

",1,POINT(126.935165303 37.60111292),https://www.instagram.com/epdure,2,은평구,3,서울특별시 은평구 은평로 245,1,서울특별시 은평구 녹번동 48-5,02-6010-6233
47,두레생협(도곡점),zerowaste_2022016,"월-토 10:00-21:00 일 10:00-19:00
",127.039471626,37.486903940,"친환경생필품, 과일, 리필세제 등",https://www.instagram.com/eco_coop,1,POINT(127.039474 37.486904),https://blog.naver.com/eco_coop,2,강남구,3,서울특별시 강남구 남부순환로365길 22,1,서울특별시 강남구 도곡동 903-9,02-3462-7117
48,두레생협(미아점),zerowaste_2022015,"월-금 9:00-20:00, 토 10:00-19:00 일 10:00-18:00",127.018667644,37.619038491,"친환경 생필품, 리필세제, 과일 등",https://www.instagram.com/durecoopunion,1,POINT(127.018667644 37.619038491),,2,강북구,3,서울특별시 강북구 삼양로27길 46,1,서울특별시 강북구 미아동 698-29,02-980-0450
49,두레생협(백련산점),zerowaste_2022046,월-금 10:00-21:00 토-일 10:00-18:00,126.920548929,37.593633791,"친환경생필품, 과일 등",https//www.instagram.com/epdure,1,POINT(126.920548929 37.593633791),https//www.instagram.com/epdure,2,은평구,3,서울특별시 은평구 응암로22길 21,1,서울특별시 은평구 응암동 419-100,02-6748-6233
50,두레생협(북가좌점),zerowaste_2022018,"월-금 10:00-21:00 토-일 10:00-18:00
",126.912130421,37.575612561,"리필세제, 친환경생필품, 곡식 등",https://www.instagram.com/woollimdure,1,POINT(126.91213 37.57561),,2,서대문구,3,서울특별시 서대문구 수색로 100,1,서울특별시 서대문구 북가좌동 478,02-305-0518
51,두레생협(상도점),서울시 동작구 상도로 217-4,월-금 10:00-21:00 토-일 10:00-18:00,126.942898230,37.505427545,"리필샵, 친환경생필품, 과일 등",https://www.instagram.com/durecoopunion,1,POINT(126.9429 37.50543),,2,동작구,3,서울특별시 동작구 상도로 217-4,1,서울특별시 동작구 상도동 26-27,02-826-3385
52,두레생협(성산점),zerowaste_2022020,"월-금 10:00-21:00 토-일 10:00-18:00
",126.911210824,37.558827972,"친환경생필품, 리필세제, 곡류 등","https://woollimcoop.org/
",1,POINT(126.91121 37.558826),https://woollimcoop.org/,2,마포구,3,서울특별시 마포구 성미산로 27,1,서울특별시 마포구 성산동 245-44,02-3141-0518
53,두레생협(응암역점),zerowaste_2022022,"월-토 10:00-21:00 일 10:00-18:00
",126.915682007,37.600008363,"친환경생필품, 리필세제, 곡류, 과일 등","https://www.instagram.com/epdure
",1,POINT(126.915682007 37.600008363),https://www.instagram.com/epdure,2,은평구,3,서울특별시 은평구 연서로 9,1,서울특별시 은평구 역촌동 85-12,02-356-6233
54,두레생협(종로점),zerowaste_2022017,"월-토 10:00-21:00 일 10:00-19:00
",126.969103540,37.578199805,"친환경생필품점, 리필세제, 과일 등","https://www.instagram.com/eco_coop
",1,POINT(126.96910354 37.578199805),https://blog.naver.com/eco_coop,2,종로구,3,서울특별시 종로구 필운대로 23,1,서울특별시 종로구 누하동 251,02-735-7161
55,두레생협(종암점),zerowaste_2022051,"월-금 9:00-20:00 토 10:00-19:00 일 10:00-18:00
",127.030613230,37.603409620,"벌크과일채소, 벌크잡곡류, 리필세제 등",https://www.instagram.com/durecoopunion,1,POINT(127.03061323 37.60340962),https://www.instagram.com/durecoopunion,2,성북구,3,서울특별시 성북구 종암로21길 124,1,서울특별시 성북구 종암동 124-50,02-924-0450
56,두레생협(진관점),zerowaste_2022023,"월-토 10:00-21:00 일 10:00-18:00
",126.921093030,37.640807611,"친환경생필품, 리필세제, 곡류, 과일 등",https://www.instagram.com/epdure,1,POINT(126.92109303 37.640807611),https://www.instagram.com/epdure,2,은평구,3,서울특별시 은평구 진관3로 67,1,서울특별시 은평구 진관동 22,02-352-6233
57,드롭탑 서여의도점,zerowaste_2023_041,매일 00:00 - 24:00,126.919920000,37.530000000,커피 음료,http://www.cafedroptop.com/,1,POINT(126.91992 37.53),-,2,영등포구,1,서울특별시 영등포구 국회대로70길 7,1,서울특별시 영등포구 여의도동 14-2,02-3775-3230
58,디벙크,zerowaste_2023_095,매일 10:00 ~ 23:00,126.915120000,37.547910000,커피 음료,https://www.instagram.com/debunk.official/,1,POINT(126.91512 37.54791),http://debunk.kr,2,마포구,1,서울특별시 마포구 성지1길 30,1,서울특별시 마포구 합정동 366-1,02-6930-5598
59,라데팡스,zerowaste_2023_054,"월~금 10:20 ~ 21:00, 토,일 12:00-21:00",126.832720000,37.560630000,커피 음료,,1,POINT(126.83272 37.56063),http://instagram.com/cafe_ladefense,2,강서구,1,서울특별시 강서구 마곡중앙6로 45,1,서울특별시 강서구 마곡동 772-5,0507-1346-6585
60,라라당,zerowaste_2023_016,월~금 07:30 ~ 17:00,126.979510000,37.566820000,커피 음료,,1,POINT(126.97951 37.56682),-,2,중구,1,서울특별시 중구 남대문로9길 51,1,서울특별시 중구 을지로1가 32,-
61,로담,zerowaste_0027,평일 07:30~23:00  토요일 10:00~23:00 일요일 휴무,127.025872201,37.639081279,"커피, 음료",,1,POINT(127.025872201 37.639081279),,2,강북구,1,서울특별시 강북구 도봉로89길 9,1,서울특별시 강북구 수유동 191-43,02-999-15830
62,로코랩,zerowaste_2023_025,"월~금 08:30 ~ 21:00, 토 11:00 ~ 20:00, 일 휴무",126.981360000,37.573340000,커피 음료,http://www.instagram.com/locolabcoffee,1,POINT(126.98136 37.57334),-,2,종로구,1,서울특별시 종로구 율곡로4길 51,1,서울특별시 종로구 수송동 46-13,02-3210-3258
63,르라보 가로수길점,zerowaste_0037,"매일 11:00 - 20:00, 2째 월요일 정기휴무",127.021961002,37.521774252,취향에 맞춘 향수를 직접 만들고 리필할 수 있습니다. (지정 용기에 한해 재사용 가능),http://www.instagram.com/lelabofragrances,1,POINT(127.021961002 37.521774252),https://www.lelabofragrances.com/,2,강남구,3,서울특별시 강남구 압구정로10길 28,1,서울특별시 강남구 신사동 524-31,02-541-7945
64,리트리트 커피 로스터즈,zerowaste_0030,"평일 08:00~20:00
주말, 공휴일 10:00~19:00",127.026193905,37.639570226,"커피, 음료",http://www.instagram.com/retreat_coffee,1,POINT(127.026193905 37.639570226),https://smartstore.naver.com/retreatcoffee,2,강북구,1,서울특별시 강북구 한천로139길 11,1,서울특별시 강북구 수유동 191-57,0507-1362-7847
65,마을과마디_새록,zerowaste_0064,"화~토 10시~22시
일 12시~21시",127.078900615,37.618552543,"제로웨이스트제품(생활/주방/욕실용품)
환경관련 도서
마을작가 수공예품",http://www.instagram.com/saerok_madi,1,POINT(127.078900615 37.618552543),https://linktr.ee/saerok_official,2,노원구,1,서울특별시 노원구 화랑로 464,1,서울특별시 노원구 공릉동 657-7,02-977-1318
66,마포구청,zerowaste_2023_071,"월~금 09:00 ~ 18:00, 토,일 휴무",126.901731111,37.566087680,,,1,POINT(126.901731111 37.56608768),http://www.mapo.go.kr/,2,마포구,1,서울특별시 마포구 월드컵로 212,1,서울특별시 마포구 성산동 370,02-3153-8114
67,마포구청 카페_티타임,zerowaste_2023_072,"월~금 09:00 ~ 18:00, 토,일 휴무",126.901731111,37.566087680,커피 음료,,1,POINT(126.901731111 37.56608768),-,2,마포구,1,서울특별시 마포구 월드컵로 212,1,서울특별시 마포구 성산동 370,070-4237-6538
68,매듭달,zerowaste_2023_090,매일 10:00 ~ 22:00,126.870680000,37.546590000,커피 음료,https://www.instagram.com/cafe_decembermoon,1,POINT(126.87068 37.54659),-,2,양천구,1,서울특별시 양천구 목동중앙북로 68,1,서울특별시 양천구 목동 966,010-9310-1507
69,모카리아,zerowaste_2023_092,매일 09:00 ~ 22:00,126.894140000,37.578060000,커피 음료,,1,POINT(126.89414 37.57806),http://www.mocaria.com/,2,마포구,1,서울특별시 마포구 월드컵북로44길 76-12,1,서울특별시 마포구 상암동 11-7,02-372-9990
70,목카페,zerowaste_2023_087,"월~금 10:00 ~ 20:00, 토,일 12:00 ~ 20:00",126.814703900,37.578569600,커피 음료,,1,POINT(126.8147039 37.5785696),-,2,강서구,1,서울특별시 강서구 금낭화로24길 29-5,1,서울특별시 강서구 방화동 345-9,02-2661-8265
71,몽슈크레,zerowaste_2023_055,매일 09:30 ~ 22:00,126.832720000,37.560630000,커피 음료,,1,POINT(126.83272 37.56063),-,2,강서구,1,서울특별시 강서구 마곡중앙6로 45,1,서울특별시 강서구 마곡동 772-5,-
72,물푸레지구살림,zerowaste_202202," 월~토 10:00~18:00, 일/공휴일 휴무",126.931186954,37.642407860,"주방비누, 세제 리필스테이션, 밀랍랩, 대나무칫솔, 고체향수 등 ",http://www.instagram.com/bookcafemulpure,1,POINT(126.931186954 37.64240786),,2,은평구,4,서울특별시 은평구 진관4로 48-51,1,서울특별시 은평구 진관동 10,02-356-9410
73,민박컾,zerowaste_0026,"평일 08:00~20:00
주말 12:00~20:00",127.024094963,37.639702739,"커피, 음료",http://www.instagram.com/minparkcoff,1,POINT(127.024094963 37.639702739),,2,강북구,1,서울특별시 강북구 노해로14길 24,1,서울특별시 강북구 수유동 222-55,070-7779-5219
74,밋자인,zerowaste_0019,"평일 11:00~17:00, 토 10:00~14:00",126.898769580,37.521084917,"리필용 세제, 샴푸비누, 설거지비누, 소창손수건 등",http://www.instagram.com/mitsein,1,POINT(126.89877 37.521084),,2,영등포구,4,서울특별시 영등포구 영등포로 155,1,서울특별시 영등포구 당산동1가 53-2,070-7722-9808
75,바느질하는 바리스타,zerowaste_2022008, 월~토 9시~9시,126.858604242,37.521299158," 원두 소분, 소창행주, 소창필터, 고체치약, 대나무 칫솔",http://www.instagram.com/bababaris_ta,1,POINT(126.858604 37.521297),,2,양천구,3,서울특별시 양천구 은행정로5길 12,1,서울특별시 양천구 신정동 1026-16,
76,보탬상점,zerowaste_0055,"매일11:00~20:00, 일휴무",127.082034035,37.601451021,"세제류, 천연수세미, 기타 친환경 생필품",http://www.instagram.com/botemstore0226,1,POINT(127.082034035 37.601451021),,2,중랑구,3,서울특별시 중랑구 봉화산로22길 2,1,서울특별시 중랑구 중화동 455,010-2175-2026
77,보틀라운지,zerowaste_0013,매일 11:00~22:00(월요일 휴무),126.928474712,37.575221967,"음료, 디저트",http://www.instagram.com/bottle_factory,1,POINT(126.928474712 37.575221967),https://linktr.ee/bottlefactory,2,서대문구,1,서울특별시 서대문구 홍연길 26,1,서울특별시 서대문구 연희동 708,02-3144-0703
78,북촌감성,zerowaste_0072,"수~월 11:00~19:00,  화 휴무 ",126.986905195,37.579942453,"친환경세제, 생필품, 바느질 소품 & 뜨게소품",http://www.instagram.com/bukchongamsung,1,POINT(126.98691 37.57994),www.bukchonfeel.modoo.kr,2,종로구,3,서울특별시 종로구 계동길 60,1,서울특별시 종로구 계동 120-1,010-2781-1217
79,브로큰템퍼,zerowaste_2023_097,"월~토 12:00 ~ 23:00, 일 13:00 ~ 23:00",126.909700000,37.582580000,커피 음료,,1,POINT(126.9097 37.58258),-,2,서대문구,1,서울특별시 서대문구 불광천길 170,1,서울특별시 서대문구 북가좌동 344-9,0507-1419-3250
80,비건카페 달냥,zerowaste_0060,,126.934123320,37.608785420,"비건 음료, 비건 음식, 비건 디저트",http://www.instagram.com/dalyang_vegancafe,1,POINT(126.93412 37.608784),,2,은평구,2,서울특별시 은평구 통일로 684,1,서울특별시 은평구 녹번동 5,010-5069-0919
81,비안빈,zerowaste_2023_093,매일 07:30 ~ 22:00,126.892370000,37.579130000,커피 음료,,1,POINT(126.89237 37.57913),-,2,마포구,1,서울특별시 마포구 상암산로 76,1,서울특별시 마포구 상암동 1607,070-7551-5840
82,비유비웰,11103395_1651059305090,"월 ~ 토 12:00~17:00, 일 휴무",126.964732086,37.503075282,제로웨이스트제품(생활/주방욕실/구강/세탁/생리/문구/화장),http://www.instagram.com/beyouwell,1,POINT(126.96473 37.503075),,2,동작구,3,서울특별시 동작구 흑석한강로 27,1,서울특별시 동작구 흑석동 336,02-595-6868
83,빛과소금,zerowaste_2022038,"월-금 9:00-19:00 토,일 휴무
",127.126216023,37.504458784,"카페, 야채, 비건빵, 친환경생필품 등","https://www.instagram.com/아이디 형식으로 작성하세요, 없을 경우 공란
※ 입력시 내용을 삭제해주세요",1,POINT(127.12621 37.50446),,2,송파구,3,서울특별시 송파구 오금로35길 17,1,서울특별시 송파구 오금동 44,
84,빵아커피 김포공항점,zerowaste_2023_019,매일 08:00 ~ 21:00,126.813430000,37.553500000,커피 음료,,1,POINT(126.81343 37.5535),-,2,강서구,1,서울특별시 강서구 하늘길 233,1,서울특별시 강서구 공항동 1373-5,02-2665-0805
85,서강대학교,zerowaste_2023_050,"월~금 09:00 ~ 18:00, 토,일 휴무",126.943070000,37.551470000,,,1,POINT(126.94307 37.55147),https://www.sogang.ac.kr/,2,마포구,1,서울특별시 마포구 백범로 35,1,서울특별시 마포구 신수동 1-1,02-705-8114
86,서대문구청,zerowaste_2023_064,"월~금 09:00 ~ 18:00, 토,일 휴무",126.936770000,37.579120000,,,1,POINT(126.93677 37.57912),https://www.sdm.go.kr/,2,서대문구,1,서울특별시 서대문구 연희로 248,1,서울특별시 서대문구 연희동 168-6,02-330-1301
87,서대문구청내 카페_하이천사,zerowaste_2023_065,"월~금 09:00 ~ 18:00, 토,일 휴무",126.936770000,37.579120000,커피 음료,,1,POINT(126.93677 37.57912),-,2,서대문구,1,서울특별시 서대문구 연희로 248,1,서울특별시 서대문구 연희동 168-6,02-3144-3231
88,서소문청사 1동,zerowaste_2023_043,"월~금 09:00 ~ 18:00, 토,일 휴무",126.975610000,37.564580000,,,1,POINT(126.97561 37.56458),www.seoul.go.kr,2,중구,1,서울특별시 중구 덕수궁길 15,1,서울특별시 중구 서소문동 37,-
89,서소문청사 후생동 (네스카페),zerowaste_2023_060,월~금 09:00 ~ 18:00,126.974294379,37.564627092,커피 음료,,1,POINT(126.9743 37.56463),www.seoul.go.kr,2,중구,1,서울특별시 중구 덕수궁길 15,1,서울특별시 중구 서소문동 37,02-120
90,서울시의회 의원회관,zerowaste_2023_048,"월~금 09:00 ~ 18:00, 토,일 휴무",126.974741882,37.564593041,,,1,POINT(126.97474 37.564594),https://www.smc.seoul.kr/,2,중구,1,서울특별시 중구 덕수궁길 15,1,서울특별시 중구 서소문동 37,
91,서울시청 본청,zerowaste_2023_014,"월~금 09:00 ~ 18:00, 토,일 휴무",126.978401701,37.566677752,,https://www.instagram.com/seoul_official/,1,POINT(126.9784 37.566677),www.seoul.go.kr,2,중구,1,서울특별시 중구 세종대로 110,1,서울특별시 중구 태평로1가 31,02-120
92,서초구청,zerowaste_2023_068,"월~금 09:00 ~ 18:00, 토,일 휴무",127.032680000,37.483640000,,,1,POINT(127.03268 37.48364),http://www.seocho.go.kr/,2,서초구,1,서울특별시 서초구 남부순환로 2584,1,서울특별시 서초구 서초동 1376-3,02-2155-6114
93,셉틱탱크,zerowaste_2022049,예약제,126.947048658,37.595980469,"친환경생필품, 친환경수세미, 대나무칫솔, 탄소창고컵 등",http://instagram.com/septicktank.store,1,POINT(126.947048658 37.595980469),https://septic-tank.co.kr/,2,서대문구,3,서울특별시 서대문구 간호대로3길 24-8,1,서울특별시 서대문구 홍제동 287-216,0507-1343-4174
94,소나카페테라,zerowaste_2023_089,"수~토 09:00 ~ 20:00, 일~화 09:00 ~ 18:00",126.846410000,37.531780000,커피 음료,,1,POINT(126.84641 37.53178),-,2,강서구,1,서울특별시 강서구 강서로 45,1,서울특별시 강서구 화곡동 343-51,02-2065-1810
95,송포어스,zerowaste_0034,"화, 수, 목, 금, 토, 일 11:00~20:00/ 휴무 월요일",127.125450166,37.533453073,"세제리필, 농수산물리필, 제로웨이스트 생활용품",http://www.instagram.com/song_for_earth,1,POINT(127.12545 37.533455),https://linktr.ee/song_for_earth,2,강동구,3,서울특별시 강동구 풍성로35길 34,1,서울특별시 강동구 성내동 288-4,070-8095-3534
96,숨공춤공,zerowaste_0023,"월~금 10:00-16:00  토,일 휴무",126.846389188,37.521502351,"제로웨이스트 물품, 리필스테이션( 섬유세제,섬유유연제, 가루세제, 액체 주방세제)", http://www.instagram.com/linktr.ee/table220,1,POINT(126.84639 37.521503), 네이버 스토어 숨공춤공,2,양천구,3,서울특별시 양천구 신월로 220,1,서울특별시 양천구 신월동 607-1,070-7576-4977
97,숭의여대 본관_교내카페,zerowaste_2023_026,"월~금 07:00 ~ 23:00, 토-일 11:00-21:00",126.987500000,37.557860000,커피 음료,,1,POINT(126.9875 37.55786),https://www.sewc.ac.kr/,2,중구,1,서울특별시 중구 소파로2길 10,1,서울특별시 중구 예장동 8-3,-
98,숭의여대 음악당_드림스퀘어(카페),zerowaste_2023_027,"월~금 08:00 ~ 22:00, 토-일 09:00-21:30",126.987500000,37.557860000,커피 음료,,1,POINT(126.9875 37.55786),https://www.sewc.ac.kr/,2,중구,1,서울특별시 중구 소파로2길 10,1,서울특별시 중구 예장동 8-3,-
99,스타벅스 무교동점,zerowaste_2023_004," 월~금 07:00~20:00, 토 09:00~19:00, 일 휴무",126.978760000,37.567860000,커피 음료,https://www.instagram.com/starbuckskorea,1,POINT(126.97876 37.56786),https://www.starbucks.co.kr/,2,중구,1,서울특별시 중구 무교로 21,1,서울특별시 중구 무교동 45,1522-3234
100,스타벅스 무교로점,zerowaste_2023_005," 월~금 07:00~20:00, 토 09:00~19:00, 일 휴무",126.978937700,37.567269500,커피 음료,https://www.instagram.com/starbuckskorea,1,POINT(126.9789377 37.5672695),https://www.starbucks.co.kr/,2,중구,1,서울특별시 중구 무교로 15,1,서울특별시 중구 무교동 32-2,1522-3234
101,스타벅스 별다방점,zerowaste_2023_013, 월~일 07:00~21:00,126.982930000,37.560210000,커피 음료,https://www.instagram.com/starbuckskorea,1,POINT(126.98293 37.56021),https://www.starbucks.co.kr/,2,중구,1,서울특별시 중구 퇴계로 100,1,서울특별시 중구 회현동2가 88,1522-3242
102,스타벅스 서소문로점,zerowaste_2023_012," 월~금 07:00~21:00, 토,일 08:00~19:00",126.974680000,37.562910000,커피 음료,https://www.instagram.com/starbuckskorea,1,POINT(126.97468 37.56291),https://www.starbucks.co.kr/,2,중구,1,서울특별시 중구 서소문로 120,1,서울특별시 중구 서소문동 136,1522-3232
103,스타벅스 시청 플러스점,zerowaste_0084," 월~금 07:30~17:30, 토,일 휴무",126.979970000,37.566310000,커피 음료,https://www.instagram.com/starbuckskorea,1,POINT(126.97997 37.56631),https://www.starbucks.co.kr/,2,중구,1,서울특별시 중구 을지로 19,1,서울특별시 중구 을지로1가 50,1522-3243
104,스타벅스 시청점,zerowaste_2023_006," 월~금 07:00~19:00, 토 09:00~20:00, 일09:00~17:00",126.979970000,37.566310000,커피 음료,https://www.instagram.com/starbuckskorea,1,POINT(126.97997 37.56631),https://www.starbucks.co.kr/,2,중구,1,서울특별시 중구 을지로 19,1,서울특별시 중구 을지로1가 50,1522-3236
105,스타벅스 을지로경기빌딩점,zerowaste_2023_008," 월~금 07:00~20:00, 토 09:00~19:00, 일09:00~18:00",126.983230000,37.567210000,커피 음료,https://www.instagram.com/starbuckskorea,1,POINT(126.98323 37.56721),https://www.starbucks.co.kr/,2,중구,1,서울특별시 중구 남대문로10길 9,1,서울특별시 중구 삼각동 115,1522-3238
106,스타벅스 을지로국제빌딩점,zerowaste_2023_007," 월~금 07:00~20:00, 토,일 10:00~19:00",126.982260000,37.566990000,커피 음료,https://www.instagram.com/starbuckskorea,1,POINT(126.98226 37.56699),https://www.starbucks.co.kr/,2,중구,1,서울특별시 중구 남대문로 109,1,서울특별시 중구 다동 111,1522-3237
107,스타벅스 을지로내외빌딩R점,zerowaste_2023_009," 월~금 07:00~20:00, 토 09:00~18:00, 일 휴무",126.983700000,37.566500000,커피 음료,https://www.instagram.com/starbuckskorea,1,POINT(126.9837 37.5665),https://www.starbucks.co.kr/,2,중구,1,서울특별시 중구 을지로 51,1,서울특별시 중구 을지로2가 6,1522-3239
108,스타벅스 을지로삼화타워점,zerowaste_2023_010," 월~금 07:00~21:00, 토 09:00~20:00, 일 휴무",126.984920000,37.566950000,커피 음료,https://www.instagram.com/starbuckskorea,1,POINT(126.98492 37.56695),https://www.starbucks.co.kr/,2,중구,1,서울특별시 중구 을지로5길 16,1,서울특별시 중구 을지로2가 204,1522-3240
109,스타벅스 한국프레스센터점,zerowaste_2023_003," 월~금 07:00~20:00, 토, 일 09:00~18:00",126.977890000,37.567420000,커피 음료,https://www.instagram.com/starbuckskorea,1,POINT(126.97789 37.56742),https://www.starbucks.co.kr/,2,중구,1,서울특별시 중구 세종대로 124,1,서울특별시 중구 태평로1가 25,1522-3232
110,스타벅스서소문배재점,zerowaste_2023_011," 월~금 07:00~18:00, 토,일 휴무",126.972190000,37.562890000,커피 음료,https://www.instagram.com/starbuckskorea,1,POINT(126.97219 37.56289),https://www.starbucks.co.kr/,2,중구,1,서울특별시 중구 서소문로 99,1,서울특별시 중구 서소문동 57-9,1522-3241
111,스토어36.5노원점_새록,zerowaste_0067,"월~토 10시~19시
법정공휴일
롯데백화점정기휴무일에 휴무",127.060480222,37.654440117,"제로웨이스트제품(생활/주방/욕실용품)
사회적경제기업 제품 전시 및 판매
공정무역 커피원두",http://www.instagram.com/store36.5nowon,1,POINT(127.06048 37.65444),,2,노원구,5,서울특별시 노원구 동일로 1411-2,1,서울특별시 노원구 상계동 729,02-3391-3650
112,아로마티카 제로스테이션,zerowaste_0036,"매일 11:00 - 20:00 추석 전일,당일 휴무",127.019285386,37.520642755,아로마티카 화장품 리필 및 제로웨이스트 용품 판매,http://www.instagram.com/aromatica.life,1,POINT(127.019285386 37.520642755),https://aromatica.co.kr/brand/zero_station.html,2,강남구,3,서울특별시 강남구 도산대로1길 62,1,서울특별시 강남구 신사동 506,02-1600-3689
113,아토모스,zerowaste_2022052,"&#34;11:00-21:00 수 / 2,4번째주 화 휴무&#34;
",127.004427164,37.591139741,"친환경생필품, 세탁세제, 베이킹소다, 초콜릿 등","https://www.instagram.com/아이디 형식으로 작성하세요, 없을 경우 공란
※ 입력시 내용을 삭제해주세요",1,POINT(127.004427164 37.591139741),https://www.atomos-store.kr/,2,성북구,3,서울특별시 성북구 성북로8길 11,1,서울특별시 성북구 성북동 177-17,02-6012-2102
114,알맹상점,zerowaste_0002,매일 14:00-20:00 / 월요일 휴무,126.911712879,37.553654753,"리필세제, 로션, 커피원두, 친환경 제품(대나무 칫솔, 수세미, 행주), 재활용 제품(종이 테이프, 종이 독서대 등)",http://www.instagram.com/almang_market,1,POINT(126.91171 37.553654),https://almang.modoo.at/,2,마포구,3,서울특별시 마포구 월드컵로 49,1,서울특별시 마포구 합정동 427-5,0507-1393-8913
115,알맹상점 리스테이션,zerowaste_0054,매일 14:00-20:00 / 월요일 휴무,126.971400314,37.554498838,"리필세제, 로션, 커피원두, 친환경 제품(대나무 칫솔, 수세미, 행주), 재활용 제품(종이 테이프, 종이 독서대 등)",http://www.instagram.com/almang_market,1,POINT(126.971400314 37.554498838),https://blog.naver.com/almangmarket,2,중구,3,서울특별시 중구 한강대로 405,1,서울특별시 중구 봉래동2가 122-11,070-7777-1925
116,애니원FNC _사내카페,zerowaste_2023_032,"월~금 09:00 ~ 18:00, 토,일 휴무",127.033360000,37.503470000,커피 음료,,1,POINT(127.03336 37.50347),http://www.anyonefnc.com/,2,강남구,1,서울특별시 강남구 논현로99길 24,1,서울특별시 강남구 역삼동 626-31,02-470-2801
117,애니원FNC 서울세관,zerowaste_2023_059,월~금 08:00 ~ 17:30,127.034468000,37.518402000,커피 음료,,1,POINT(127.034468 37.518402),-,2,강남구,1,서울특별시 강남구 언주로 721,1,서울특별시 강남구 논현동 71,-
118,양천구청,zerowaste_2023_074,"월~금 09:00 ~ 18:00, 토,일 휴무",126.866550000,37.517060000,,,1,POINT(126.86655 37.51706),http://www.yangcheon.go.kr/,2,양천구,1,서울특별시 양천구 목동동로 105,1,서울특별시 양천구 신정동 321-4,02-2620-3114
119,양천구청 카페_도담,zerowaste_2023_075,"월~금 09:00 ~ 18:00, 토,일 휴무",126.866550000,37.517060000,커피 음료,,1,POINT(126.86655 37.51706),-,2,양천구,1,서울특별시 양천구 목동동로 105,1,서울특별시 양천구 신정동 321-4,-
120,어몽트리 그림공간,zerowaste_0045,"평일 11:30~21:30, 일 11:00~17:00, 토요일 휴무",126.984424960,37.479404989,친환경 재료로 그림그리기 강습진행,http://www.instagram.com/among.trees.art,1,POINT(126.98443 37.479404),https://linktr.ee/among.trees.art,2,서초구,5,서울특별시 서초구 방배천로6길 33-1,1,서울특별시 서초구 방배동 465-6,02-582-0553
121,어짜다에코,zerowaste_2022011,"월-금 10:00-20:00 토, 일 휴무",126.891012373,37.542084599,"세제 리필, 고무장갑, 대나무칫솔, 리앤에코주방 비누 등 친환경 생필품 ",https://www.instagram.com/uhjjeoda_eco/,1,POINT(126.891014 37.542084),,2,영등포구,3,서울특별시 영등포구 양평로28마길 7,1,서울특별시 영등포구 양평동6가 13-1,0507-1353-1547
122,얼스어스,zerowaste_0042,"월~일 12:00~21:30, 화 휴무",126.923217774,37.564139729,"베이커리, 음료",http://www.instagram.com/earth__us,1,POINT(126.923217774 37.564139729),,2,마포구,1,서울특별시 마포구 성미산로 150,1,서울특별시 마포구 연남동 239-49,010-7105-9413
123,얼스어스 서촌점,zerowaste_0051,"평일12:00~21:00, 주말12:00~21:30",126.971258879,37.585316815,"베이커리, 음료",http://www.instagram.com/earth__us,1,POINT(126.971258879 37.585316815),,2,종로구,1,서울특별시 종로구 자하문로28가길 1,1,서울특별시 종로구 청운동 94-1,010-6686-8413
124,에코스토어(ecostore) 더현대서울,zerowaste_0049,"평일10:30~20:00, 금토일 10:30~20:30",126.927301228,37.527097227,에코스토어 세탁세제/섬유유연제 리필,http://www.instagram.com/ecostorekr_official,1,POINT(126.927301228 37.527097227),https://korea.ecostore.com/,2,영등포구,3,서울특별시 영등포구 여의대로 108,1,서울특별시 영등포구 여의도동 22,02-767-2233
125,오색오미,zerowaste_2022029,"&#34;월-금 10:00-18:00 토,일 휴무&#34;
",126.909918180,37.559465169,"반찬가게, 도시락, 케이터링",https://www.instagram.com/osombabsang,1,POINT(126.90992 37.559464),https://osombabsang.modoo.at/,2,마포구,5,서울특별시 마포구 월드컵로26길 39,1,서울특별시 마포구 성산동 249-10,0507-1309-6441
126,올가홀푸드(방이점),zerowaste_2022055,월-일 10:00-22:00,127.126412633,37.510413072,"친환경생필품, 과일 등","&#34;https://www.instagram.com/orgabang2
http:s//www.instagram.com/orga_wholefoods&#34;
",1,POINT(127.12641 37.510414),https://shop.pulmuone.co.kr/orga,2,송파구,3,서울특별시 송파구 양재대로71길 4,1,서울특별시 송파구 방이동 185-8,02-418-6255
127,용두문화복지센터 (북카페),zerowaste_2023_066,"월~금 06:00 ~ 22:00, 토 09:00-18:00, 일 휴무",127.039170000,37.575320000,,,1,POINT(127.03917 37.57532),-,2,동대문구,1,서울특별시 동대문구 고산자로28길 13,1,서울특별시 동대문구 용두동 29-3,02-6929-2652
128,원점,zerowaste_0073,"월~일 10:00~20:00 (둘째주, 넷째주 화요일 휴무)",127.055839439,37.548653310,"대나무칫솔, 천연수세미, 커피연필, 리필세제등 친환경 제품
(플라스틱과 쓰레기를 줄이는 제품들)",http://www.instagram.com/one_zeom,1,POINT(127.05584 37.548653),,2,성동구,4,서울특별시 성동구 아차산로7길 42,1,서울특별시 성동구 성수동2가 289-205,010-8783-4947
129,유카플라워&가든,zerowaste_2022012,월-일 11:00-21:00 (유동적) 연중무휴,127.079488125,37.611968340,"에코프랜들리포장 꽃다발, 화훼상품, 제로웨이스트 소품",https://www.instagram.com/yukaflower_official/,1,POINT(127.079488125 37.61196834),,2,중랑구,5,서울특별시 중랑구 공릉로2길 28,1,서울특별시 중랑구 묵동 178-1,0507-1348-1774
130,은평구청,zerowaste_2023_062,"월~금 09:00 ~ 18:00, 토,일 휴무",126.928840000,37.602460000,,,1,POINT(126.92884 37.60246),https://www.ep.go.kr/,2,은평구,1,서울특별시 은평구 은평로 195,1,서울특별시 은평구 녹번동 84,02-351-6114
131,은평구청내 카페_은마루,zerowaste_2023_063,"월~금 09:00 ~ 18:00, 토,일 휴무",126.928840000,37.602460000,커피 음료,,1,POINT(126.92884 37.60246),-,2,은평구,1,서울특별시 은평구 은평로 195,1,서울특별시 은평구 녹번동 84,02-351-6133
132,음밥,zerowaste_2022034,"월-금 9:00-21:00 토 11:00-18:00 일 휴무
",127.028129447,37.623099333,"다회용 반찬용기, 제로웨이스트 도시락 등","https://www.instagram.com/mmmbopcoop/
",1,POINT(127.028129447 37.623099333),https://mmmbobcoop.modoo.at/,2,강북구,5,서울특별시 강북구 솔매로50길 78,1,서울특별시 강북구 미아동 126-41,02-992-2048
133,이화여대 학생문화관,zerowaste_2023_100,"월~금 09:00 ~ 18:00, 토,일 휴무",126.945680794,37.559285765,,,1,POINT(126.945680794 37.559285765),http://www.ewha.ac.kr/,2,서대문구,1,서울특별시 서대문구 이화여대길 54,1,서울특별시 서대문구 대현동 33-11,02-3277-211
134,일리고카페자스,zerowaste_2023_045,"월~금 07:00 ~ 22:00, 토 12:00-19:00, 일 휴무",126.982080000,37.575130000,커피 음료,,1,POINT(126.98208 37.57513),-,2,종로구,1,서울특별시 종로구 율곡로4길 9,1,서울특별시 종로구 수송동 16-1,0507-1402-9318
135,일상공감_길음,11103395_1655098365215,"월~금 11:00~20:00, 토일 13:00~20:00, 변동휴무(인스타참조)",127.023971164,37.605600341,"제로웨이스트 물품관련(천연수세미,소창,대나무칫솔,고체치약등, 리필스테이션)",http://www.instagram.com/ilsang_gongam0,1,POINT(127.023971164 37.605600341),,2,성북구,3,서울특별시 성북구 삼양로 27,1,서울특별시 성북구 길음동 1249,0507-1346-1190
136,자연상점,zerowaste_0070,"평일 12시 ~ 18시 30분, (토,일,공휴일 휴무)",126.933787051,37.608587473,"친환경 생활용품, 사회적기업 제품, 공정무역 제품, 리필 (샴푸,바디워시,트리트먼트,주방세제,
세탁세제, 핸드워시)",http://www.instagram.com/onlyeco.co.kr,1,POINT(126.933784 37.60859),https://www.onlyeco.co.kr,2,은평구,4,서울특별시 은평구 통일로 684,1,서울특별시 은평구 녹번동 5,02-2039-9631
137,잠실야구장 01~20,zerowaste_2023_038,야구경기 운영시간 참조,127.072860000,37.511250000,,,1,POINT(127.07286 37.51125),http://stadium.seoul.go.kr/,2,송파구,1,서울특별시 송파구 올림픽로 19-2,1,서울특별시 송파구 잠실동 10-1,02-2240-8800
138,제로띵스,zerowaste_0053,"월~토 12:00~19:30, 일 12:00~18:00",126.990260167,37.563995590,"친환경 비누, 생필품 등",http://www.instagram.com/zerothings_shop,1,POINT(126.99026 37.563995),http://zerothings.co.kr,2,중구,4,서울특별시 중구 수표로 32-1,1,서울특별시 중구 저동2가 47-1,02-2263-6148
139,제로마켓 프렌들리랩 NC 신구로점,zerowaste_0092,"월~목 10:00~22:00, 금~일 10:30~22:00",126.882800000,37.501130000,제로웨이스트제품(생활/주방/욕실용품),,1,POINT(126.8828 37.50113),https://www.elandretail.com/,2,구로구,4,서울특별시 구로구 구로중앙로 152,1,서울특별시 구로구 구로동 573,02-6923-2000
140,제로웨이스트샵 선택지,zerowaste_2022007,"월~금 11:00~19:00, 주말 휴무",127.127292114,37.534807415,"고체비누, 고체치약, 대나무칫솔 등 욕실용품, 천연수세미, 수저세트 등 주방용품, 재생지문구,  면파우치, 밀랍초, 천연향, 리필세제 등",http://www.instagram.com/suntackz,1,POINT(127.12729 37.53481),https://smartstore.naver.com/suntackz,2,강동구,3,서울특별시 강동구 천호옛12길 47,1,서울특별시 강동구 성내동 30-2,070-4141-1724
141,종로노인종합복지관,zerowaste_2023_099,"시설별 상이 
- 경로식당 : 월~금 11:00 ~ 12:50
- 목욕탕 : 월,화,목,금 09:30 ~11:30, 13:30 ~ 16:00, 토 09:30 ~ 11:00
- 별★별한옥도서관 : 월~금 09:00~18:00
- 기능회복실 : 월~금 09:10, 10:10, 11:10, 13:30, 14:30",127.006040000,37.576650000,,,1,POINT(127.00604 37.57665),https://www.jongnonoin.or.kr/,2,종로구,1,서울특별시 종로구 율곡로19길 17-8,1,서울특별시 종로구 이화동 25-1,02-742-9500
142,주식회사 샘크래프트,zerowaste_0011,월~금 9:00~17:00,127.087247429,37.502640674,"화장품,위생용품(설거지용고체비누)",http://www.instagram.com/samcraft_official,1,POINT(127.087247429 37.502640674),https://www.samcraft.co.kr,2,송파구,4,서울특별시 송파구 삼전로4길 3-11,1,서울특별시 송파구 삼전동 33-15,02-6203-6430
143,중구청,zerowaste_2023_034,"월~금 09:00 ~ 18:00, 토,일 휴무",126.998000000,37.564120000,,,1,POINT(126.998 37.56412),http://www.junggu.seoul.kr/,2,중구,1,서울특별시 중구 창경궁로 17,1,서울특별시 중구 예관동 120-1,02-3396-4114
144,지구살림터,zerowaste_0022,"화-토 11:00-20:00, / 일 13:00-17:00 / 월휴무",126.873922753,37.544334726,"곡물류 세제류 소분판매, 친환경 생활용품류(천연수세미, 대나무칫솔, 고체치약, 샴푸바, 린스바 등)",http://www.instagram.com/jigusallim.ter,1,POINT(126.873924 37.544334),jigusallimter.modoo.at,2,양천구,3,서울특별시 양천구 목동중앙북로16길 41,1,서울특별시 양천구 목동 536-1,070-7670-1004
145,지구상점,11103395_1657851981345," 월-금 11:00-18:00, 토 11:00-15:00, 일요일 및 공휴일 휴무",126.957772670,37.494634743," 대나무 칫솔, 천연수세미, 천연비누, 세제 리필, 디퓨저 리필 등.", http://www.instagram.com/jigu_gonggam,1,POINT(126.95777 37.494637),,2,동작구,3,서울특별시 동작구 상도로61길 54,1,서울특별시 동작구 상도동 507-11,
146,지구손길 제로샵,zerowaste_2022030,"월-금 10:00-18:00 토 14:00-18:00 일 휴무
",126.839770008,37.479727370,"친환경생필품, 리필세제, 건강차 등",https://www.instagram.com/gigu_songil,1,POINT(126.83977 37.47973),https://cwsongil.modoo.at/,2,구로구,3,서울특별시 구로구 천왕로 21,1,서울특별시 구로구 천왕동 274,02-2619-1106
147,지미프로젝트,zerowaste_2022040,"월-금 14:00-18:00  토,일 휴무
",127.121604653,37.498736096,"친환경 생필품, 통수세미, 세안비누, 칫솔 등","https://www.instagram.com/jimmy_project_official/
",1,POINT(127.121605 37.498737),https://smartstore.naver.com/aboutyuri,2,송파구,3,서울특별시 송파구 오금로36길 66,1,서울특별시 송파구 가락동 46-20,070-8065-7655
148,지평선,zerowaste_2022048,"운영시간을 작성하세요
※ 입력시 내용을 삭제해주세요",127.050686728,37.649852484,"방향제, 양말, 리필세제 등","https://www.instagram.com/아이디 형식으로 작성하세요, 없을 경우 공란
※ 입력시 내용을 삭제해주세요",1,POINT(127.050686728 37.649852484),,2,도봉구,3,서울특별시 도봉구 노해로70길 54,1,서울특별시 도봉구 창동 27,
149,진서의정원,zerowaste_2023_047,"화~일 10:00 ~ 22:30, 월 휴무",126.928490000,37.483280000,커피 음료,,1,POINT(126.92849 37.48328),-,2,관악구,1,서울특별시 관악구 남부순환로176길 16,1,서울특별시 관악구 신림동 1639-31,02-876-2525
150,충무아트센터_피스커피,zerowaste_2023_079,매일 10:00 ~ 21:30,127.014810000,37.565930000,커피 음료,https://www.instagram.com/peacecoffee__/,1,POINT(127.01481 37.56593),http://www.caci.or.kr/,2,중구,1,서울특별시 중구 퇴계로 387,1,서울특별시 중구 흥인동 131,0507-1354-8173
151,카페 샘,zerowaste_0017,매일 12:00~17:00 (일요일 휴무),126.924560529,37.573360510,"음료, 디저트, 로스팅 원두, 원액",https://www.instagram.com/cafe.saem/,1,POINT(126.924560529 37.57336051),,2,서대문구,1,서울특별시 서대문구 홍제천로 86-1,1,서울특별시 서대문구 연희동 519-75,010-3646-4135
152,카페 쓸 Cafe.SSSSl,Cafe.SSSSL,월-토 / 11:00-18:00,126.933354265,37.607391238,"판매물품 또는 판매 식음료를 작성하세요
※ 입력시 내용을 삭제해주세요",https://www.instagram.com/cafe.ssssl,1,POINT(126.933354265 37.607391238),,2,은평구,1,서울특별시 은평구 통일로 684,1,서울특별시 은평구 녹번동 7,010-4054-4804
153,카페 일마지오 본점_사내카페,zerowaste_2023_017, 월~금 07:00~19:00,126.891570000,37.528580000,커피 음료,,1,POINT(126.89157 37.52858),-,2,영등포구,1,서울특별시 영등포구 선유로 165,1,서울특별시 영등포구 양평동3가 60,1644-6288
154,카페535,zerowaste_2022054,월-일 9:30-21:00 (수 9:30-18:00),127.079288082,37.612170384,"카페, 수제흑당시럽, 수제레몬청, 수제자몽청 등","https://www.instagram.com/535.cafe/
",1,POINT(127.079285 37.61217),https://smartstore.naver.com/cafe535,2,중랑구,3,서울특별시 중랑구 공릉로2길 23,1,서울특별시 중랑구 묵동 173-4,02-971-5351
155,카페겸,zerowaste_2023_098,"월~화,목~일 10:30 ~ 22:00, 수 휴무",126.911210000,37.584080000,커피 음료,http://instagram.com/cafegyum,1,POINT(126.91121 37.58408),-,2,서대문구,1,서울특별시 서대문구 증가로 264,1,서울특별시 서대문구 북가좌동 342-14,0507-1410-1401
156,카페드라무,zerowaste_2023_081,"화~일 10:00 ~ 22:00, 월 휴무",126.839920000,37.565160000,커피 음료,,1,POINT(126.83992 37.56516),-,2,강서구,1,서울특별시 강서구 강서로 443,1,서울특별시 강서구 마곡동 784-6, 02-3661-1204
157,카페루시,zerowaste_2023_057,"월~금 09:00 ~ 23:00, 토,일 10:00-23:00",126.831370000,37.559700000,커피 음료,,1,POINT(126.83137 37.5597),-,2,강서구,1,서울특별시 강서구 공항대로 213,1,서울특별시 강서구 마곡동 774-2,0507-1323-5609
158,카페블럭,zerowaste_2023_053,"월~금 08:00 ~ 21:00, 토,일 10:00-18:00",127.083450000,37.534800000,커피 음료,,1,POINT(127.08345 37.5348),https://www.makeus.net/44076,2,광진구,1,서울특별시 광진구 자양로11길 10,1,서울특별시 광진구 자양동 627-26,02-457-0416
159,카페일마지오,11103395_1655165592924,"운영시간을 작성하세요
※ 입력시 내용을 삭제해주세요",126.891582499,37.528604317,,"https://www.instagram.com/아이디 형식으로 작성하세요, 없을 경우 공란
※ 입력시 내용을 삭제해주세요",1,POINT(126.891582499 37.528604317),,2,영등포구,1,서울특별시 영등포구 선유로 165,1,서울특별시 영등포구 양평동3가 60,
160,카페자스 광화문,zerowaste_2023_052,"월~금 07:00 ~ 22:00, 토,일 09:00-22:00",126.974280000,37.572490000,커피 음료,,1,POINT(126.97428 37.57249),-,2,종로구,1,서울특별시 종로구 새문안로5가길 3-1,1,서울특별시 종로구 당주동 2-2,02-733-7071
161,카페조제,zerowaste_2023_058,"월~토 07:00 ~ 19:00, 일 휴무",126.829043000,37.558224600,커피 음료,https://www.instagram.com/cafejoje_/,1,POINT(126.829043 37.5582246),-,2,강서구,1,서울특별시 강서구 마곡중앙4로 22,1,서울특별시 강서구 마곡동 799-11,010-3019-9772
162,칸틴커피대치,zerowaste_2023_029,"월~토 08:00 ~ 17:30, 일 휴무",127.066890000,37.507080000,커피 음료,,1,POINT(127.06689 37.50708),https://www.instagram.com/kanteen_daechi/,2,강남구,1,서울특별시 강남구 테헤란로114길 38,1,서울특별시 강남구 대치동 1004,02-568-1066
163,커피수공업,zerowaste_2023_044,"월~금 08:00 ~ 22:00, 토 10:00-21:00, 일 11:00-21:00",127.025080000,37.586410000,커피 음료,,1,POINT(127.02508 37.58641),-,2,성북구,1,서울특별시 성북구 고려대로 51,1,서울특별시 성북구 안암동2가 118-8,070-8724-9384
164,커피에반하다 강북구청점,zerowaste_0032,"평일 07:30~22:30
토요일 10:30~23:00  일요일, 공휴일 10:30~21:00",127.026128860,37.639775735,"커피, 음료",http://www.instagram.com/icoffeebanhada,1,POINT(127.02612886 37.639775735),http://www.coffeelovecoffee.com/,2,강북구,1,서울특별시 강북구 한천로139길 10,1,서울특별시 강북구 수유동 190-49,02-999-6753
165,커피에이엠,zerowaste_2023_088,매일 09:00 ~ 21:00,126.849050000,37.550580000,커피 음료,,1,POINT(126.84905 37.55058),-,2,강서구,1,서울특별시 강서구 화곡로 296,1,서울특별시 강서구 화곡동 980-21,02-2605-7708
166,커피한약방,zerowaste_2023_040,"월~금 10:00 ~ 22:00, 토 11:00-22:00, 일 11:00-20:00",126.988620000,37.566580000,커피 음료,,1,POINT(126.98862 37.56658),-,2,중구,1,서울특별시 중구 삼일대로12길 16-6,1,서울특별시 중구 을지로2가 101-34,070-4148-4242
167,코스메틱미아,zerowaste_2022047,"월-토 14:00-21:00 화 14:00-18:00 일 휴무
",126.922495113,37.583811071,"친환경생필품, 리필세제. 친환경수세미 등",https://www.instagram.com/onlynature_cosmeticmia/,1,POINT(126.92249 37.583813),https://www.instagram.com/onlynature_cosmeticmia/,2,서대문구,3,서울특별시 서대문구 명지대7길 13,1,서울특별시 서대문구 남가좌동 3-6,
168,쿠아레비 구산점,zerowaste_0058,,126.916290550,37.611634364,"빵, 음료",https://www.instagram.com/quoirez.b/,1,POINT(126.91629055 37.611634364),,2,은평구,1,서울특별시 은평구 서오릉로 149,1,서울특별시 은평구 구산동 2-36,02-356-7885
169,큐클리프,zerowaste_2022026,"월-금 10:00-18:00
",127.121479908,37.534596039,"친환경생필품,  우산업사이클, 현수막업사이클",https://www.instagram.com/cueclyp/,1,POINT(127.12148 37.534595),https://cueclyp.com/,2,송파구,3,서울특별시 송파구 올림픽로57길 2,1,서울특별시 송파구 풍납동 490-7,070-8712-0324
170,키퍼스마켓 (Keepers Market),zerowaste_0068,월-토 11:00~20:00,127.052215802,37.488221685,"제로웨이스트 제품(수세미, 생분해 제품), 저탄소 상품, 유기농 식품, 비건화장품, 자연소재 의류, 업사이클링 패션, 반려식물, 환경서적, 천연수제비누",http://www.instagram.com/keepers.market_official,1,POINT(127.052216 37.48822),,2,강남구,5,서울특별시 강남구 언주로30길 21,1,서울특별시 강남구 도곡동 467-7,02-6080-4007
171,타셋커피 로스터즈,zerowaste_2023_096,"월~금 07:30 ~ 18:00, 토, 일 09:00 ~ 17:00",126.890390000,37.579370000,커피 음료,https://www.instagram.com/tacetcoffee/,1,POINT(126.89039 37.57937),-,2,마포구,1,서울특별시 마포구 월드컵북로 396,1,서울특별시 마포구 상암동 1605,0507-1328-7270
172,타이거릴리,zerowaste_0005,매일 12:00-20:00/휴무 사전공지,126.904261281,37.557597642,비건 향수 및 비누(고체),http://www.instagram.com/tigerlily.seoul,1,POINT(126.90426 37.5576),https://tigerlily.kr/,2,마포구,4,서울특별시 마포구 포은로 119,1,서울특별시 마포구 망원동 422-19,0507-1361-5372
173,탄탄제로,zerowaste_2022036,"월-토 11:00-19:00 일,공휴일 휴무
",126.970116635,37.483385966,"판매물품 또는 판매 식음료를 작성하세요
※ 입력시 내용을 삭제해주세요",https://www.instagram.com/tantanzero_waste/,1,POINT(126.970116 37.483387),https://blog.naver.com/v1coop,2,동작구,3,서울특별시 동작구 사당로16다길 56,1,서울특별시 동작구 사당동 272-35,070-4035-3318
174,토프레소(호서 발산점),zerowaste_2023_083,"월~금 08:00 ~ 18:00, 토,일 08:00 ~ 15:00",126.845540000,37.533230000,커피 음료,,1,POINT(126.84554 37.53323),-,2,강서구,1,서울특별시 강서구 강서로 63,1,서울특별시 강서구 화곡동 348-1,0507-1322-2162
175,투썸플레이스 예금보험공사,zerowaste_2023_033,"월~금 07:00 ~ 23:00, 토-일 11:00-21:00",126.980770000,37.568540000,커피 음료,,1,POINT(126.98077 37.56854),https://www.twosome.co.kr/,2,중구,1,서울특별시 중구 청계천로 30,1,서울특별시 중구 다동 33,02-776-2388
176,파리바게뜨 서소문로점,zerowaste_2023_039,매일 06:00 - 23:00,126.975240000,37.563810000,커피 음료,,1,POINT(126.97524 37.56381),http://www.paris.co.kr/,2,중구,1,서울특별시 중구 서소문로 129,1,서울특별시 중구 서소문동 26,02-730-8288
177,파머스빈 마곡나루점,zerowaste_2023_085,"월~금 07:00 ~ 22:00, 토 10:00 ~ 22:00, 일 휴무",126.826607000,37.568625000,커피 음료,,1,POINT(126.826607 37.568625),http://farmersbean.kr/,2,강서구,1,서울특별시 강서구 마곡중앙5로1길 20,1,서울특별시 강서구 마곡동 757-3,0507-1401-6520
178,퍼즐리,zerowaste_2022019,"&#34;월-금 2:00-18:00 토,일 휴무&#34;
",126.934477482,37.545824223,"판매물품 또는 판매 식음료를 작성하세요
※ 입력시 내용을 삭제해주세요","&#34;https://www.instagram.com/9hourz_healing
https://www.instagram.com/slowwa.official",1,POINT(126.93448 37.545826),https://www.commars.co.kr/,2,마포구,3,서울특별시 마포구 신수로 46,1,서울특별시 마포구 신수동 371-22,02-1544-4253
179,페이퍼넛츠,zerowaste_0012,"월,일10:30-18:00/화,수,목,금10:00-20:30/둘째주넷째주월요일 휴무",126.908234762,37.581218003,"커피류, 견과류, 그래놀라, 요거트",http://www.instagram.com/paper_nuts,1,POINT(126.908234762 37.581218003),http://www.papernuts.kr/,2,서대문구,1,서울특별시 서대문구 거북골로24길 37-8,1,서울특별시 서대문구 북가좌동 346-2,02-6408-7799
180,폴바셋 서소문점,zerowaste_2023_061,"월~금 07:00 ~ 21:00, 토,일 09:00-16:00",126.975220000,37.563110000,커피 음료,https://www.instagram.com/paulbassettkorea/,1,POINT(126.97522 37.56311),http://www.baristapaulbassett.co.kr/,2,중구,1,서울특별시 중구 서소문로 124,1,서울특별시 중구 서소문동 143,02-779-9489
181,플라워에이블,zerowaste_0099," 월~금 08:00~17:00, 예약제",127.047134086,37.503204284,"꽃다발, 부케, 화병꽂이",http://www.instagram.com/i_am_flowerable,1,POINT(127.047134 37.503204),https://www.flowerable.kr/,2,강남구,5,서울특별시 강남구 테헤란로52길 6,1,서울특별시 강남구 역삼동 707-38,0507-1320-4517
182,플립커피로스터스,zerowaste_2023_086,"월~금 07:30 ~ 22:00, 토,일 11:00 ~ 22:00",126.832720000,37.560630000,커피 음료,https://www.instagram.com/flip_seoul/,1,POINT(126.83272 37.56063),https://smartstore.naver.com/flip_seoul,2,강서구,1,서울특별시 강서구 마곡중앙6로 45,1,서울특별시 강서구 마곡동 772-5,070-7543-6545
183,하나은행본점_사내카페,zerowaste_2023_042,"월~금 09:00 ~ 18:00, 토,일 휴무",126.981870000,37.566490000,커피 음료,,1,POINT(126.98187 37.56649),https://www.kebhana.com/,2,중구,1,서울특별시 중구 을지로 35,1,서울특별시 중구 을지로1가 101-1,-
184,한국공항공사_사내카페,zerowaste_2023_049,"월~금 09:00 ~ 18:00, 토,일 휴무",126.799740000,37.560910000,커피 음료,,1,POINT(126.79974 37.56091),https://www.airport.co.kr/,2,강서구,1,서울특별시 강서구 하늘길 78,1,서울특별시 강서구 과해동 676,1661-2626
185,한국폴리텍대학 강서캠퍼스_참人카페,zerowaste_2023_035,월~금 09:00 ~ 18:00,126.842460000,37.549250000,커피 음료,,1,POINT(126.84246 37.54925),http://www.kopo.ac.kr/kangseo,2,강서구,1,서울특별시 강서구 우장산로10길 112,1,서울특별시 강서구 화곡동 산 60-1,02-2186-5800
186,한스바이오매드,zerowaste_2023_067,"월~금 09:00 ~ 18:00, 토,일 휴무",127.115920000,37.486210000,커피 음료,,1,POINT(127.11592 37.48621),http://www.hansbiomed.com/,2,송파구,1,서울특별시 송파구 정의로8길 7,1,서울특별시 송파구 문정동 640-3,02-466-2266
187,해달별 제로웨이스트 샵,11103395_1677737670866,"화~금 12:00~19:00, 토 09:00~18:00, 일, 월, 공휴일 휴무",127.103860000,37.475130000,"EM 비누,세제,대나무 칫솔,천연 수세미,고체 치약 등 리필스테이션운영",http://www.instagram.com/smzerowaste/,1,POINT(127.10386 37.47513),www.smsem.co.kr,2,강남구,4,서울특별시 강남구 자곡로 191,1,서울특별시 강남구 자곡동 600,02-6969-0748
188,해피플,zerowaste_2022043,"월,화,목,금 13:00 - 20:00 토 12:00 - 17:00 / 일,수 휴무
",126.902458195,37.483052558,"칠링백, 꼬물백, 플라워넥 등",http://www.instagram.com/hae.pf,1,POINT(126.90246 37.48305),http://www.instagram.com/hae.pf,2,관악구,5,서울특별시 관악구 조원로2길 14,1,서울특별시 관악구 신림동 1655-10,
189,햇빛상점,11103395_1655687745208,월~토 10:00~20:00 일 휴무,126.916425014,37.600555772," 천연 수세미, 샴푸바, 고체치약, 대나무칫솔, 스테인레스 빨대, 실리콘 컵, 면생리대, 리필세제, 고체 세탁세베, 천연 솔 등", http://www.instagram.com/solar_shop_2050,1,POINT(126.916425014 37.600555772),,2,은평구,3,서울특별시 은평구 연서로 16,1,서울특별시 은평구 역촌동 44-2,02-3157-2649
190,행복중심생협_새록 공릉점,zerowaste_0065,"월~금 10시~21시, 토일 10시~18시",127.080319265,37.622943726,"제로웨이스트제품(생활/주방/욕실용품)
친환경 유기농산물 및 가공식품
우유팩으로 만든 휴지, 생고무장갑",http://www.instagram.com/dbcoop_official,1,POINT(127.080319265 37.622943726),http://www.happycoop.or.kr/main.do,2,노원구,4,서울특별시 노원구 공릉로34길 23,1,서울특별시 노원구 공릉동 238-31,02-975-7145
191,행복커넥트 성수빌딩,zerowaste_2023_080,"월~금 09:00 ~ 18:00, 토,일 휴무",127.055610000,37.543550000,커피 음료,,1,POINT(127.05561 37.54355),http://happyconnect.co.kr/,2,성동구,1,서울특별시 성동구 연무장5가길 25,1,서울특별시 성동구 성수동2가 315-61,-
192,행복플러스,zerowaste_2023_015,월~금 07:30 ~ 18:00,126.977864954,37.566517812,커피 음료,,1,POINT(126.97787 37.566517),-,2,중구,1,서울특별시 중구 세종대로 110,1,서울특별시 중구 태평로1가 31,02-733-1245
193,행복한나눔,zerowaste_2022025,"월-금 10:00-19:00 Break Time 12:30-13:30 토,일 휴무
",126.866417482,37.550760526,"친환경 생활용품, 리필세제 등",https://www.instagram.com/bom_b_salon,1,POINT(126.86642 37.550762),https://www.sharinghappiness.or.kr/,2,강서구,3,서울특별시 강서구 공항대로 543,1,서울특별시 강서구 염창동 312,02-3861-8306
194,허그어웨일,zerowaste_202201,"월~금 10:30~18:30, 토 11:00~17:00, 일 휴무입력시 내용을 삭제해주세요",126.848527544,37.552653102,"주방세제, 세탁세제, 섬유유연제 리필 및 각종 친환경 생필품", http://www.instagram.com/hug_a_whale,1,POINT(126.848526 37.552654),,2,강서구,4,서울특별시 강서구 화곡로55길 23,1,서울특별시 강서구 화곡동 996-7,02-2038-7209
195,협동플랫폼 카페이웃,zerowaste_0015,"매일 10:00~20:00, 토요일 11:00~18:00 (일요일 휴무)",126.928157733,37.580023799,"음료, 제로웨이스트 상품 등",https://www.instagram.com/cafe_neighbor/,1,POINT(126.928154 37.580025),https://linktr.ee/neighbor0326,2,서대문구,1,서울특별시 서대문구 가좌로 77,1,서울특별시 서대문구 홍은동 403-8,070-8118-0326
196,휘카페,zerowaste_2022010,"음료(커피 및 논커피), 디저트(쿠키), 다회용컵, 드립백",127.051419581,37.581077975,"음료(커피 및 논커피), 디저트(쿠키), 다회용컵, 드립백",https://naver.me/xnvXeQ45,1,POINT(127.051419581 37.581077975),https://naver.me/xnvXeQ45,2,동대문구,1,서울특별시 동대문구 서울시립대로 117,1,서울특별시 동대문구 전농동 127-75,070-8667-6332
197,휘펍,zerowaste_2023_084,"화~일 10:00 ~ 22:00, 월 휴무",126.840373800,37.562411500,커피 음료,,1,POINT(126.8403738 37.5624115),-,2,강서구,1,서울특별시 강서구 강서로56가길 63,1,서울특별시 강서구 등촌동 679-2,02-3662-8558
