prod_name,hash_name,res
바디 스크럽 워시 회상(回想) 300g,바디스크럽,201
바디 로션 회상(回想) 300g,바디로션,201
회상(回想) 아로마틱 바디 스크럽 워시 세트,바디스크럽,500
회상(回想) 아로마틱 바디 로션 세트,바디로션,500
회상(回想) 아로마틱 바디 케어 세트,바디로션,500
바디 스크럽 워시 묵상(默想) 300g,바디스크럽,201
바디 스크럽 워시 상상(想像) 300g,바디스크럽,201
바디 로션 묵상(默想) 300g,바디로션,201
바디 로션 상상(想像) 300g,바디로션,201
"집중, 100% 에센셜 오일 어웨이큰 10ml",바디오일,201
"숙면, 100% 에센셜 오일 딥슬립 10ml",바디오일,201
"릴렉싱, 100% 에센셜 오일 스트레스 언와인드 10ml",바디오일,201
"여성청결제 Y1 ROSE, GERANIUM 5ml",여성청결제,404
"여성청결제 Y2 YLANG YLANG, ROSEWOOD 5ml",여성청결제,404
"여성청결제 Y3 ROSEMARY, NEROLI 5ml",여성청결제,404
"여성청결제 Y4 LAVENDER, PATCHOULI 5ml",여성청결제,404
바디 오일 묵상(默想) + 괄사 세트,바디오일,201
바디 오일 회상(回想) + 괄사 세트,바디오일,201
바디 오일 상상(想像) + 괄사 세트,바디오일,201
바디 오일 묵상(默想) 100ml,바디오일,201
바디 오일 회상(回想) 100ml,바디오일,201
바디 오일 상상(想像) 100ml,바디오일,201
"바디크림 묵상 (샌달우드향, 3개입)",바디로션,201
H1+ / 손 바를거리,핸드크림,201
H2 / 일하는 손 바를거리(워터블랑향),핸드크림,201
H2 / 일하는 손 바를거리(무향),핸드크림,201
샌달우드 괄사,괄사,201
고체향수 NO.28 CUT GRASS 12g / 시그니처 솔리드 퍼퓸,고체향수,201
고체향수 NO.404 HAENAM FIG 12g / 시그니처 솔리드 퍼퓸,고체향수,201
바디바 (바디쿨링) S22,바디바,500
바디바 (탄력/피부투명) S23,바디바,500
바디바 (각질제거/스크럽) S24,바디바,500
바디바 (야외/취침피부관리) S25,바디바,500
여성청결제 Y1 Queen`s permission,여성청결제,404
여성청결제 Y2 Royal Sweet,여성청결제,404
여성청결제 Y3 Noble Herb,여성청결제,404
여성청결제 Y4 Violet Citrus,여성청결제,404
입술 바를거리 L1 (바닐라향),립밤,201
입술 바를거리 L2 (무향),립밤,201
손 세정제,손세정제,201
손 세정제 3+1,손세정제,201
손 세정제 5+2,손세정제,201
해남 병풀 카밍 세럼 미스트 100ml,미스트,201
해남 병풀 카밍 오일 미스트 100ml,미스트,201
해남 병풀 카밍 젤 크림 60ml,크림,201
프로폴리스 세럼 + 균형제 + 크림 SET,로션,201
프로폴리스 크림 50g,로션,201
프로폴리스 균형제 250ml,로션,201
갈락토미세스 나이아신아마이드 세럼 30ml,세럼,201
프로폴리스 세럼 30ml,세럼,201
AHA BHA PHA 세럼 30ml,세럼,201
센텔라 + 펩타이드 세럼 30ml,세럼,201
플러스마이너스 pH 균형제 (토너) 250ml,토너,201
플러스마이너스 pH 균형제 (토너) 100ml,토너,201
C01 비-이온 클렌징 워터 500ml,클렌징워터,201
수부지 트러블 바를거리,로션,201
민감 트러블 바를거리,로션,201
얼굴용 (건성/보습) S1 로즈힙,페이셜비누,500
얼굴용 (건성/투명피부) S2 비타민,페이셜비누,500
얼굴용 (지성/기름흡착) S3 칼라민,페이셜비누,500
얼굴용 (지성/모공관리) S4 티트리,페이셜비누,500
얼굴용 (건성/민감성) S5 구아줄렌,페이셜비누,500
얼굴용 (지성/민감성) S6 구아줄렌,페이셜비누,500
얼굴용 (문제성피부) S7 노니+타마누,페이셜비누,500
얼굴용 (모공관리) S8 유황+소금,페이셜비누,500
얼굴용 (민감 문제성피부) S9 어성초+병풀,페이셜비누,500
얼굴용 (피부탄력보습) S10 세라마이드+비피다,페이셜비누,500
얼굴용 (보습지속) S11 세라마이드+스쿠알란,페이셜비누,500
아기용 S12 달맞이꽃오일,-,500
아기용 S14 초유,-,500
얼굴용 (탄력영양) S15 로얄젤리+프로폴리스,페이셜비누,500
얼굴용 (메이크업제거) S16 비타민나무오일,페이셜비누,500
얼굴용 (피지흡착) S17 아마존머드,페이셜비누,500
세탁용 S13 EM발효액,세제,500
T1 유분 0% 피부 보습,세럼,201
T2 맑고 환한 피부빛 관리,세럼,201
T3 윤기나는 피부결 관리,세럼,201
T4 피부 진정,세럼,201
T5 피지 케어,세럼,201
T6 피부 보습 장벽 강화,세럼,201
T7 탄력있고 건강한 피부,세럼,201
T8 깨끗하고 건강한 피부,세럼,201
T9 보습 지속,세럼,201
회상(回想) 아로마틱 바디 스크럽 워시 세트,-,500
회상(回想) 아로마틱 바디 로션 세트,-,500
회상(回想) 아로마틱 바디 케어 세트,-,500
덴티크러쉬 고체치약 & 칫솔 세트,-,500
BEST HAIR SET (샴푸바 3종+트리트먼트바),-,404
"DISCOVERY KIT(미니바 4종, 여행용)",-,404
BODY&HOME SET (바디오일+바디로션+캔들),-,404
<3+1> 샴푸바 (모발보습케어) S19 바오밥 3개입+노워시 트리트먼트바 증정,샴푸바,500
<3+1> 샴푸바 (두피장벽강화) S21 검은콩 3개입+노워시 트리트먼트바 증정,샴푸바,500
<3+1> 샴푸바 (지성/각질케어) S18 다시마 3개입+노워시 트리트먼트바 증정,샴푸바,500
<3+1> 샴푸바 (윤기/건성) S19P(퍼퓸) 바오밥 3개입 + 노워시 트리트먼트바 증정,샴푸바,500
<3+1> 샴푸바 (두피쿨링/남성용) S20 멘톨 3개입+노워시 트리트먼트바 증정,샴푸바,500
트리트먼트바 (탄력) 노워시,트리트먼트바,500
트리트먼트바 (손상) 노워시,트리트먼트바,500
바오밥 헤어 퍼퓸 미스트 + 미니 우드 브러쉬 세트,헤어퍼퓸,201
바오밥 헤어 퍼퓸 미스트 + 미니 샴푸바 세트,헤어퍼퓸,201
마인드풀 헤어 퍼퓸 미스트 + 미니 우드 브러쉬 세트,헤어퍼퓸,201
마인드풀 헤어 퍼퓸 미스트 + 미니 샴푸바 세트,헤어퍼퓸,201
바오밥 헤어 에센셜 오일 + 미니 우드 브러쉬 세트,헤어 오일,404
바오밥 헤어 에센셜 오일 + 미니 샴푸바 세트,헤어 오일,404
바오밥 헤어 퍼퓸 미스트 100ml,헤어 오일,404
마인드풀 헤어 퍼퓸 미스트 100ml,헤어 오일,404
바오밥 헤어 에센셜 오일 100ml,헤어 오일,404
"샴푸바 (모발보습케어) S19 바오밥, 3EA",샴푸바,500
"샴푸바 (두피쿨링/남성용) S20 멘톨, 3EA",샴푸바,500
"샴푸바 (지성/각질케어) S18 다시마, 3EA",샴푸바,500
"샴푸바 (윤기/건성) S19P(퍼퓸) 바오밥, 3EA",샴푸바,500
"샴푸바 (두피장벽강화) S21 검은콩, 3EA",샴푸바,500
샴푸바 (모발보습케어) S19 바오밥,샴푸바,500
샴푸바 (두피장벽강화) S21 검은콩,샴푸바,500
샴푸바 (지성/각질케어) S18 다시마,샴푸바,500
샴푸바 (윤기/건성) S19P(퍼퓸) 바오밥,샴푸바,500
샴푸바 (두피쿨링/남성용) S20 멘톨,샴푸바,500
샴푸바 (두피쿨링) V1 블루비오틴,샴푸바,500
"두피 토닉 + 샴푸바 V1, 블루비오틴 SET",-,404
두피 토닉 블루비오틴 100ml,-,404
덴티크러쉬 고체치약 & 칫솔 세트,-,500
세탁용 S13 EM발효액,세제,500
<3+1> 설거지바 (유기농 오곡/쌀) S26 건강세정 3개입+1개 증정,주방세제,201
<3+1> 설거지바 (숯/유기농 귀리) S27 단단세정 3개입+1개 증정,주방세제,201
<3+1> 설거지바 (유기농 솝베리) S28 자연세정 3개입+1개 증정,주방세제,201
<3+1> 설거지바 (자몽/생강) S29 안심세정 3개입+1개 증정,주방세제,201
설거지바 (녹차+병풀) S30 600g 만능세정 4개입,주방세제,201
설거지바 (S26/S27/S28/S29) 세트+페이퍼백 포장,주방세제,201
고체치약 55정+200정,치약,201
고체치약 1병 (55정) + 대나무 칫솔 1개,치약,201
고체치약 대용량 1개 200정,치약,201
설거지바 (유기농 오곡/쌀) S26 보습세정,주방세제,201
설거지바 (숯/유기농 귀리) S27 단단세정,주방세제,201
설거지바 (유기농 솝베리) S28 자연세정,주방세제,201
설거지바 (자몽/생강) S29 안심세정,주방세제,201
설거지바 (녹차/병풀) S30 만능세정,주방세제,201
자석 비누 홀더,비누 홀더,404
대나무 칫솔 5개,칫솔,500
두피케어 머리 빗,빗,201
<3+1> 샴푸바 (모발보습케어) S19 바오밥 3개입+노워시 트리트먼트바 증정,샴푸,500
<3+1> 샴푸바 (두피장벽강화) S21 검은콩 3개입+노워시 트리트먼트바 증정,샴푸,500
<3+1> 샴푸바 (지성/각질케어) S18 다시마 3개입+노워시 트리트먼트바 증정,샴푸,500
<3+1> 샴푸바 (윤기/건성) S19P(퍼퓸) 바오밥 3개입 + 노워시 트리트먼트바 증정,샴푸,500
<3+1> 샴푸바 (두피쿨링/남성용) S20 멘톨 3개입+노워시 트리트먼트바 증정,샴푸,500
트리트먼트바 (탄력) 노워시,트리트먼트,500
트리트먼트바 (손상) 노워시,트리트먼트,500
"샴푸바 (모발보습케어) S19 바오밥, 3EA",샴푸,500
"샴푸바 (두피쿨링/남성용) S20 멘톨, 3EA",샴푸,500
"샴푸바 (지성/각질케어) S18 다시마, 3EA",샴푸,500
"샴푸바 (윤기/건성) S19P(퍼퓸) 바오밥, 3EA",샴푸,500
"샴푸바 (두피장벽강화) S21 검은콩, 3EA",샴푸,500
샴푸바 (모발보습케어) S19 바오밥,샴푸,500
샴푸바 (두피장벽강화) S21 검은콩,샴푸,500
샴푸바 (지성/각질케어) S18 다시마,샴푸,500
샴푸바 (윤기/건성) S19P(퍼퓸) 바오밥,샴푸,500
샴푸바 (두피쿨링/남성용) S20 멘톨,샴푸,500
샴푸바 (두피쿨링) V1 블루비오틴,샴푸,500
라인프렌즈 브라운 다시마 샴푸바,샴푸,201
라인프렌즈 코니 초유 세안바,페이셜비누,201
라인프렌즈 샐리 자몽 바디바,바디워시,201
얼굴용 (건성/보습) S1 로즈힙,페이셜비누,500
얼굴용 (건성/투명피부) S2 비타민,페이셜비누,500
얼굴용 (지성/기름흡착) S3 칼라민,페이셜비누,500
얼굴용 (지성/모공관리) S4 티트리,페이셜비누,500
얼굴용 (건성/민감성) S5 구아줄렌,페이셜비누,500
얼굴용 (지성/민감성) S6 구아줄렌,페이셜비누,500
얼굴용 (문제성피부) S7 노니+타마누,페이셜비누,500
얼굴용 (모공관리) S8 유황+소금,페이셜비누,500
얼굴용 (민감 문제성피부) S9 어성초+병풀,페이셜비누,500
얼굴용 (피부탄력보습) S10 세라마이드+비피다,페이셜비누,500
얼굴용 (보습지속) S11 세라마이드+스쿠알란,페이셜비누,500
아기용 S12 달맞이꽃오일,-,500
아기용 S14 초유,-,500
얼굴용 (탄력영양) S15 로얄젤리+프로폴리스,페이셜비누,500
얼굴용 (메이크업제거) S16 비타민나무오일,페이셜비누,500
얼굴용 (피지흡착) S17 아마존머드,페이셜비누,500
세탁용 S13 EM발효액,세제,500
바디바 (바디쿨링) S22,바디워시,500
바디바 (탄력/피부투명) S23,바디워시,500
바디바 (각질제거/스크럽) S24,바디워시,500
바디바 (야외/취침피부관리) S25,바디워시,500
고체치약 전용 틴케이스,치약케이스,404
착 칫솔걸이,칫솔걸이,201
치약 짜개,치약짜개,201
규조토 칫솔꽂이,칫솔꽂이,404
대나무 칫솔 케이스,칫솔케이스,500
키즈 대나무 칫솔 케이스,칫솔케이스,500
광목천 복조리 파우치,파우치,201
광목천 휴대용 파우치,파우치,201
치카치카 세트,-,500
아나파 선물 포장 키트 + 닥터노아 마루 대나무 칫솔 6개,-,500
트라이얼 키트,-,500
라이트 세트,-,500
베이직 세트,-,500
패밀리 세트,-,404
리프레쉬 세트,-,404
트래블 세트,-,404
DIY 선물 포장 키트 + 닥터노아 마루 키즈 대나무 칫솔 6개,-,500
마루 대나무 칫솔 케이스 세트,-,500
마루 대나무 칫솔 광목천 세트 (30g 미니 튜브 치약 구성),-,500
마루 키즈치약,치약,500
마루 키즈 대나무 칫솔,칫솔,500
치카치카 세트,-,500
아나파 선물 포장 키트 + 닥터노아 마루 대나무 칫솔 6개,-,500
DIY 선물 포장 키트 + 닥터노아 마루 키즈 대나무 칫솔 6개,-,500
마루 키즈칫솔치약 세트,-,500
키즈 대나무 칫솔 케이스,칫솔케이스,500
야호 농축가글,가글,404
치실,치실,500
혀클리너,혀클리너,500
마루 대나무 칫솔 스탠다드(1개입/6개입),칫솔,500
마루 대나무 칫솔 콤팩트(1개입/6개입),칫솔,500
마루 키즈 대나무 칫솔,칫솔,500
아나파 선물 포장 키트 + 닥터노아 마루 대나무 칫솔 6개,-,500
트라이얼 키트,-,500
라이트 세트,-,500
베이직 세트,-,500
DIY 선물 포장 키트 + 닥터노아 마루 키즈 대나무 칫솔 6개,-,500
마루 키즈칫솔치약 세트,-,500
마루 대나무 칫솔 케이스 세트,칫솔케이스,500
마루 대나무 칫솔 광목천 세트 (30g 미니 튜브 치약 구성),-,500
마루 키즈치약,치약,500
오비츠 자일리톨 고체치약,치약,201
마루 치약,치약,201
오리지널 고체치약,치약,201
트라이얼 키트,-,500
라이트 세트,-,500
베이직 세트,-,500
마루 치약 5개 세트,치약,201
마루 키즈칫솔치약 세트,치약,500
마루 치약 미니 30g (페퍼민트향_불소 1000ppm),치약,201
지구오필리아 미니 틴케이스 원형 철제케이스 약 정리함 소품 보관함,-,404
제로웨이스트 천연 루파 친환경 무흠집 수세미 35~43cm,수세미,201
제로웨이스트 삶아쓰는고무장갑 친환경 라텍스 생분해 고무장갑,고무장갑,201
이크 실리콘약병 검정눈금 아기약병 물약병 3개세트구성,약병,404
달빛 설거지비누 고체주방세제 제로웨이스트 디쉬바,비누,201
스텐자석비누홀더 받침대 케이스 휴대용 걸이,비누,201
거품잘나는 천연 코코넛껍질 스펀지 수세미,수세미,201
코끼리 똥종이 노트 공정무역 필사노트,노트,201
영문 레터링 꽃다발 포장지 크래프트 opp봉투 종이 20장 1세트,봉투,404
수제 데이지비누 선물 답례품,비누,201
소창손수건 2겹 친환경 와입스 제로웨이스트,손수건,404
스마일데이지 꽃 플라워 세수 비누 제로웨이스트 키트,비누,201
꽃한송이 포장 크라프트지 꽃다발 포장지 소 대,포장지,404
생화꽃다발 플라워박스 크래프트 상자 테이크아웃 10개묶음,-,404
특이한 꽃다발 종이 가방 꽃 포장,-,404
셀룰로오스 천연 루파 수세미 양면,수세미,201
밀짚 냄비받침대 주방,냄비받침대,201
노을솝 병아리 세수 천연 비누,비누,201
리유저블컵 빨대 유리 텀블러 2개set,텀블러,201
스마일 코르크 냄비받침 자연생분해,냄비받침대,201
토끼 이너 파우치 주머니,파우치,201
어린이집파우치 더스트백 파스텔 복조리 파우치,파우치,201
제로웨이스트 빈대떡천연수세미 생분해 루파,수세미,201
천연 코코넛 생분해 수세미 답례품 제로웨이스트 키트,수세미,201
여자양말선물세트 5종 중목 선물용 양말 답례품,양말,404
리크레용 크레파스 새활용 리사이클링,크레파스,201
털인형 키링 미니인형 가방 고리 열쇠고리,열쇠고리,201
텀블러 광목주머니 텀블러백 미니 파우치,파우치,201
식빵 천연수세미 친환경 주방 스펀지,수세미,201
실리콘 마스크 이어가드 귀아픔 보호대,마스크이어가드,404
숟가락 병따개 만능오프너 4in1,오프너,404
제로웨이스트 노을솝 자운고 숙성비누 천연 순한 비누,비누,201
노을솝 카렌듈라 비누 샤워 목욕 수제비누,비누,201
제로웨이스트 노을솝 오트밀 꿀비누,비누,201
제로웨이스트 노을솝 천연 오트밀 숙성비누,비누,201
노을솝 수제 천연 약산성 올인원바,비누,201
제로웨이스트 키트 친환경 학생선물세트,-,404
삼베 천연수세미 만들기 키트 체험용 DIY 교육용,수세미,201
천연나무 우드 헤어쿠션 빗,빗,201
지구오필리아 친환경 주방 선물세트 제로웨이스트 키트 기념품 답례품 친환경,-,404
양말목티매트 만들기 DIY세트 직조틀 (3개용) 업사이클링,-,404
땡큐 롤스티커 감사 답례품 1롤 500매,스티커,201
크라프트 빈티지 유럽 항공우편 종이 봉투,봉투,404
친환경 재생 신문지 연필 지구나무 5p,연필,201
제로웨이스트 친환경 설거지바 천연 수세미 기념품 답례품 세트,수세미,201
국산 강화소창 천연 친환경 행주 무형광 무표백 제로웨이스트 2겹,행주,201
주방비누 설거지 천연 코코넛 수세미 친환경키트 제로웨이스트,수세미,201
제로웨이스트 텀블러 에코 드링크백 컵받침 테이크아웃,컴받침,404
제로웨이스트 천연 폴란드수세미 2p 스크럽 다용도,수세미,201
지구오필리아 욕실주방 천연 코코넛 수세미 제로웨이스트 천연펄프 생분해,수세미,201
제로웨이스트 교육용 환경 실천카드 보드게임,보드게임,201
지구오필리아 천연 주방 친환경 제로웨이스트 셀룰로오스 행주,행주,201
지구오필리아 꽃포장 캐리어 플라워 종이가방,가방,404
천연삼베 미니와입스 빨아쓰는 화장솜 5매,화장솜,201
실리콘 흡착식 칫솔걸이 면도기거치대,칫솔,500
에코닛시 생분해 옥수수 칫솔 제로웨이스트,칫솔,500
핸드크림짜개 스틸치약짜개 치약디스펜서,치약,201
제로웨이스트 키트 천연수세미 선물 3종 set,수세미,201
우드 도넛 밀봉클립 과자집게,과자집게,404
크래프트 꽃포장 꽃집 손잡이선물 쇼핑백 종이 바구니,쇼핑백,201
유니버셜 웨이트 타로카드 초보타로카드,타로카드,201
제로웨이스트 스텐가위집게 핀셋집게,집게,201
제로웨이스트키트 친환경 선물세트,-,404
비누각 휴대용비누케이스 여행용비누케이스 비누보관함,비누,201
크리스마스 포장지 어린이집선물포장 개별포장지,포장지,404
제로웨이스트기념품 친환경기념품 선물 키트,-,404
비즈왁스랩 허니밀랍랩 다시쓰는그랩 제로웨이스트 S,-,404
쿨러백 손잡이보냉백 은박 도시락가방,도시락가방,201
텀블러세척솔 병세척솔 병솔수세미,수세미,201
마크라메 티코스터 컵받침 테이블소품 핸드메이드,컵받침,404
문구류 제로웨이스트,문구,201
미니 크로스백 휴대폰가방 마이크로백 여성 워빙백,가방,404
지구오필리아 다회용화장솜 재사용화장솜 와입스 빨아쓰는 순면 패드,화장솜,201
지구오필리아 여행용대나무칫솔 자연생분해칫솔,칫솔,500
"리유즈백 지구오필리아 그물면주머니 소,중,대",가방,404
반영구 스텐 병솔집게 천연수세미 교체형,수세미,201
제로웨이스트 식물성수세미 네모 천연수세미,수세미,201
친환경세척솔 무쇠팬세척 너도밤나무세척솔 헤드교체가능,세척솔,201
국내산 강화소창행주 면행주 2겹,행주,201
패브릭 가계부 생활비 달력 캘린더,달력,201
지구오필리아 화장품미니파우치 캔버스파우치,파우치,201
지구오필리아 탄냄비 올스텐 반영구 그물망 철수세미,수세미,201
스텐옷걸이 빨래집게 양말걸이 10p,빨래집게,404
입문용 제로웨이스트키트 선물세트,-,404
천연수세미 루파수세미 5개set,수세미,201
어린이대나무칫솔 유아칫솔 20개 set,칫솔,500
천연수세미 물방울수세미 루파수세미,수세미,201
소프넛주머니 세탁주머니 세탁망 제로웨이스트,세탁망,201
지구오필리아 스텐면도기걸이 접착식 면도기걸이,면도기걸이,404
지구오필리아 지구샵 고체치약 10정 30정 틴케이스,치약,201
소프넛열매 소프넛 무환자나무 200g 500g,-,404
천연삼베 핑거타올 화장솜대용,화장솜,201
지구오필리아 휴대용비누케이스 비누통 비누보관함,비누,201
지구오필리아 지구샵 고체치약 150정,치약,201
제로웨이스트 대나무칫솔선물세트 (한정),칫솔,500
지구오필리아 제로웨이스트 부드러운 이중미세모 대나무 칫솔,칫솔,500
문구류 제로웨이스트 키트,-,404
지구오필리아 천연규조토 칫솔꽂이 칫솔홀더,칫솔,500
면비누망 면주머니 면더스트백,비누,201
지구오필리아 너도밤나무 모래시계 5분,모래시계,404
지구오필리아 생분해치실 천연치실 제로웨이스트,치실,201
어린이칫솔 친환경칫솔 나무칫솔 대나무,칫솔,500
어린이칫솔 친환경칫솔 대나무칫솔 10개+1개,칫솔,500
스텐칫솔걸이 치솔꽂이 칫솔거치대,칫솔,500
지구오필리아 손목가방 에그백 에코백,에코백,404
지구오필리아 여름가방 네트백 장바구니,장바구니,201
"지구오필리아 장바구니 면주머니 제로웨이스트 S,M",면주머니,201
지구오필리아 휴대용칫솔케이스 대나무칫솔,칫솔,500
지구오필리아 샤워볼 천연모시 때타올,때타올,404
지구오필리아 마크라메 티코스터 컵받침,컵받침,404
코코넛 주방브러쉬 세척솔 키친브러쉬,세척솔,201
대나무 쿠션 헤어브러쉬 마사지빗,마사지빗,201
친환경섬유 카페행주 요술행주,행주,201
주방용 다용도 설거지 링핸들 세척 브러쉬,수세미,201
제로웨이스트 천연 삼베행주,행주,201
제로웨이스트 대나무빗 우드빗 헤어브러쉬,빗,201
스텐 고리형 주방집게 다용도집게,집게,201
제로웨이스트 실속 선물세트 집들이 생일 결혼 기념품 답례품,-,404
제로웨이스트 친환경 루파 생분해수세미 별모양 꽃모양,수세미,201
제로웨이스트 장바구니 잡곡 과일 면주머니,장바구니,201
지구오필리아 비누받침대 비누거치대 천연,비누거치대,404
천연코튼 린넨 바디타올 등타올 샤워타올,샤워타올,201
제로웨이스트 친환경 천연 삼베수세미 1개,수세미,201
지구오필리아 대나무칫솔 우드 나무 칫솔 제로웨이스트,칫솔,500
제로웨이스트 예고은 천연 삼베수세미 고급 3개 세트,수세미,201
라탄 티코스터 컵받침대 냄비받침,티코스터,404
친환경 린넨 주머니 수저주머니 빨대케이스,빨대케이스,404
친환경 다회용 개방형 실리콘빨대,빨대,201
지구오필리아 천연비누망 비누주머니,비누,201
미니멀라이프 대나무슬리퍼 거실화 실내화,실내화,201
지구오필리아 천연수세미 바디스크럽,수세미,201
제로웨이스트 그물 면주머니 면더스트백 장바구니,장바구니,201
오하우 제로웨이스트키트 8종 욕실 선물세트 천연비누 집들이 답례품 판촉물,비누,201
오하우 업사이클링 키트 양말목공예 DIY 동영상 네임택포함 2개만들기,-,404
오하우 제로웨이스트키트 8종 선물세트 천연수세미 집들이 답례품 판촉물,수세미,201
오하우 천연 라텍스 삶아쓰는 고무장갑 김장 가정용,고무장갑,201
오하우 올인원 비건 바디워시바 클렌징비누 오렌지당근,바디바,201
오하우 천연수세미 비누 받침대 거치대 케이스,받침대,404
3+1 오하우 천연 1종 식기세척기 세제 70개입 캡슐세제 올인원 식세기 고체세제,주방세제,201
오하우 친환경 천연수세미 제로웨이스트 납작 사각 다용도 기본형 수세미,수세미,201
오하우 친환경 천연수세미 제로웨이스트 부드러운 통수세미,수세미,201
오하우 박스형 인센스홀더 핸드메이드 우드,인센스홀더,201
오하우 코튼 메쉬 그물가방 장바구니 네트백,장바구니,201
오하우 대나무칫솔 KC인증 미세모 제로웨이스트 답례품 판촉물,칫솔,500
오하우 유아 어린이 대나무칫솔 10개+1개 KC인증 제로웨이스트 판촉물,칫솔,500
오하우 천연비누답례품 올인원 비건 바디워시바 3P 제로웨이스트 시트론레몬 A세트,바디바,201
오하우 업사이클링 신문지 재생 지우개 연필 5자루 세트 연필깎이 문구세트,연필,201
오하우 타워형 인센스홀더 핸드메이드 우드,인센스홀더,201
오하우 다용도 에코 청소 야자솔 제로웨이스트 주방 욕실 청소솔,청소솔,201
(무료반품) 오하우 내몸에 착한 고체치약 씹는치약 300정 제로웨이스트,고체치약,201
오하우 제로웨이스트키트 대나무칫솔 고체치약 기프트 세트,고체치약,201
오하우 손바느질 주머니 파우치 만들기 키트 DIY 동영상제공 1개만들기,-,404
오하우 코바늘수세미 뜨개질 티코스터 만들기 키트 DIY 동영상제공,수세미,201
오하우 손바느질 소창손수건 만들기 키트 DIY 동영상제공 1개만들기,-,404
오하우 손바느질 소창행주 만들기 키트 DIY 동영상제공 1개만들기,-,404
오하우 제로웨이스트키트 8종 욕실 선물세트 VER.2 천연비누 집들이 답례품 판촉물,비누,201
오하우 천연수세미 바디 스크럽 샤워타올 각질제거,샤워타올,201
오하우 대나무칫솔 10개+1개 KC인증 제로웨이스트 판촉물,칫솔,500
오하우 고체치약 휴대용 캠핑 여행 어메니티 씹는치약 18정,고체치약,201
오하우 제로웨이스트키트 대나무칫솔 투명창 바쓰세트 답례품 구디백,칫솔,500
오하우 천연 야자 팟브러쉬 철수세미 대용 주방 세척솔,수세미,201
오하우 천연수세미 스테인리스 병솔 집게 세트 텀블러 젖병 세척솔,수세미,201
오하우 내열 유리빨대 세트 친환경 다회용 투명 빨대 답례품,빨대,201
오하우 제로웨이스트키트 20종 선물세트 천연수세미 집들이 답례품 판촉물,수세미,201
오하우 제로웨이스트키트 11종 키친세트 천연수세미 집들이 답례품 판촉물,수세미,201
오하우 천연 아기 세탁세제 집들이 선물세트 제로웨이스트 안심세탁용품 키트,세탁세제,201
오하우 제로웨이스트키트 5종 주방알뜰 세트 천연수세미 집들이 답례품 판촉물,수세미,201
오하우 무지에코백 만들기 키트 DIY 동영상 패브릭마카 포함 스몰,-,404
오하우 천연비누답례품 올인원 비건 바디워시바 미니 바쓰세트 제로웨이스트키트,바디바,201
오하우 천연비누답례품 올인원 비건 바디워시바 시트론레몬 미니세트 제로웨이스트키트,바디바,201
오하우 순면 다용도 빨대파우치,빨대파우치,404
오하우 천연 클레이 비누만들기 키트 DIY 동영상제공 마카롱 1개만들기,-,404
오하우 올인원 비건 바디워시바 클렌징비누 시트론레몬,바디바,201
오하우 제로웨이스트키트 5종 미니키친 세트 천연수세미 집들이 답례품 판촉물,수세미,201
오하우 스텐 다용도 고리집게 후크 3P 세트,후크,404
오하우 베이직 인센스홀더 핸드메이드 우드,인센스홀더,201
오하우 스텐 304 싱크대 수세미걸이 거치대 다용도 홀더,수세미걸이,201
오하우 제로웨이스트키트 어린이 대나무칫솔 투명창 바쓰세트 답례품 구디백,칫솔,500
오하우 제로웨이스트키트 대나무칫솔 고체치약 투명창 건치세트 답례품 구디백,칫솔,500
오하우 천연수세미 만들기 키트 DIY 교육용 동영상제공 1개만들기,수세미,201
오하우 내몸에 착한 고체치약 씹는치약 10정 제로웨이스트,고체치약,201
오하우 제로웨이스트키트 어린이 대나무칫솔 고체치약 투명창 건치세트 답례품 구디백,칫솔,500
오하우 빈티지 보냉백 직장인 런치백 도시락 가방 보온 보냉,보냉백,201
오하우 천연비누답례품 올인원 비건 바디워시바 오렌지당근 미니세트 제로웨이스트키트,바디바,201
오하우 실리콘 빨대 텀블러 미니 접이식 휴대용 리유저블 빨대컵 475ml,텀블러,201
오하우 천연 아로마 에센셜 오일 5종 세트 드롭,바디오일,201
오하우 천연 아로마 에센셜 오일 10ml 드롭,바디오일,201
오하우 천연수세미 만들기 삼베실 뜨개실 70g 오리지널베이지,수세미,201
오하우 국내제작 안전한 실리콘 젖병 텀블러 세척솔 병솔 2TYPE,수세미,201
오하우 캔들 라이터 인센스 캠핑 미니 라이터 점화기,라이터,404
오하우 조르단 그린클린 울트라소프트 재생플라스틱 친환경 칫솔 4P 세트,칫솔,500
오하우 조르단 그린클린 소프트 재생플라스틱 친환경 칫솔 4P 세트,칫솔,500
오하우 조르단 그린클린 미니 키즈 재생플라스틱 친환경 어린이 칫솔 3P 세트,칫솔,500
오하우 친환경 천연수세미 10개+대나무칫솔 2개 제로웨이스트,칫솔,500
오하우 생분해 싱크대거름망 배수구망 음쓰백 30매입,배수구망,201
오하우 다르샨 인센스스틱 디퓨저 천연 아로마 방향제,인센스스틱,201
오하우 강화 소창 행주 2겹 무형광 아기수건 제로웨이스트,수건,201
오하우 스테인리스 빨대 5종세트 다회용 휴대용 제로웨이스트,빨대,201
오하우 제로웨이스트키트 천연수세미 5종 세트 집들이 답례품 판촉물,수세미,201
오하우 천연비누답례품 올인원 비건 바디워시바 3P 오렌지당근 A세트,비누,201
오하우 스테인리스 다회용 스텐 곡선 일자 빨대,빨대,201
오하우 우리곡물 설거지비누 160g 3개+비누받침대 제로웨이스트키트 답례품,비누,201
오하우 업사이클링 신문지 재생 지우개 연필 8종세트 연필깎이 문구세트,연필,201
오하우 스텐 병솔집게 텀블러 젖병 세척솔,텀블러,201
오하우 천연 양모볼 건조기 울 드라이볼 6P 파우치세트,드라이볼,404
오하우 플레인 인센스홀더 핸드메이드 우드,인센스홀더,201
오하우 스텐 칫솔걸이 무타공 칫솔꽂이 거치대,칫솔,500
오하우 규조토 현무암 비누받침대 핸드메이드 천연 광물,비누,201
오하우 캡슐세제 보관통 용기 식세기 식기세척기 세탁세제 틴케이스,세제,201
오하우 조르단 그린클린 미니 키즈 유아 재생플라스틱 친환경 어린이 칫솔,칫솔,500
오하우 조르단 그린클린 울트라소프트 재생플라스틱 친환경 칫솔,칫솔,500
오하우 조르단 그린클린 소프트 재생플라스틱 친환경 칫솔,칫솔,500
3+1 오하우 천연 섬유유연제 70개입 캡슐세제 그린등급 아기세제,세탁세제,201
오하우 크라프트 종이 쇼핑백 친환경 선물포장,쇼핑백,201
오하우 순수쑥 설거지비누 250g 대용량 설거지바,비누,201
3+1 오하우 천연 세탁세제 70개입 캡슐세제 그린등급 아기세제,세탁세제,201
오하우 팔로산토 스머지 스틱 천연 인센스 50g 디퓨저 아로마 방향제 실내탈취제 우드스틱,인센스스틱,201
오하우 미니 원형 알루미늄 틴케이스 휴대용 약통 고체치약 보관함 소형,치약,201
오하우 냉장고탈취제 김치냄새제거 4개입,탈취제,404
오하우 스텐304 다용도 S고리 후크 가방걸이 5P 세트,후크,404
오하우 빨아쓰는 숨쉬기 편한 다회용 패션 쿨마스크,마스크,404
오하우 부드러운 저자극 순면 샤워볼 샤워타올,샤워타올,201
오하우 강화 소창 행주 1겹 무형광 아기수건 제로웨이스트,수건,201
오하우 순면 저자극 세안망 비누거품망,비누,201
오하우 대나무칫솔 유아 어린이 KC인증 제로웨이스트 판촉물,칫솔,500
오하우 고체 주방 설거지바 우리곡물 설거지비누 160g,비누,201
오하우 메르시 라탄 린넨 연예인에코백,에코백,404
오하우 면 손수건 등산수건 국내제작 답례품 판촉물,수건,201
오하우 숨쉬기 편한 다회용 린넨 면 마스크,마스크,404
동구밭 지성 올바른 천연샴푸바 고체 순한 샴푸비누 제로웨이스트,샴푸바,201
동구밭 중건성 올바른 천연샴푸바 순한 두피 고체비누 제로웨이스트,샴푸바,201
동구밭 올바른 헤어 트리트먼트바 비누 단백질 극손상 모발 고체 천연 비누,트린트먼트바,404
동구밭 샴푸바 민감용 어성초 약산성 비누,샴푸바,201
동구밭 올바른 샴푸바 (4종) 고체 두피 순한 머리비누 제로웨이스트 샴푸바 중건성용,샴푸바,201
Better than Liquid 여행용3종 휴대용 천연세수 올인원 세안비누 제로웨이스트,세안비누,500
동구밭 쿨링 올바른 천연샴푸바 시원한 약산성 쿨 고체비누 제로웨이스트,샴푸바,201
3입+비누망증정 동구밭 올바른 고체샴푸비누 제로웨이스트 샴푸바 지성용,샴푸바,201
동구밭 올바른 린스바 두피 헤어 순한 고체 컨디셔너 비누 제로웨이스트 천연 비누,린스바,201
동구밭 고체 헤어 트리트먼트바+린스바,트리트먼트바,201
동구밭 건성용 고체 샴푸바 비누,샴푸바,201
동구밭 비건 손상모 보호 트리트먼트바 동백 100g,트리트먼트바,201
[샴푸바+세수비누세트] 고체 천연 비누샴푸 제로웨이스트 샴푸바 중건성용 케일 비누,샴푸바,201
동구밭 비건 손상모 영양 샴푸바 동백 100g,샴푸바,201
동구밭 올인원 아기비누 알로에 천연비누 약산성,비누,201
동구밭 케일 세안 cp 천연비누 가꿈비누 답례품 선물 천연 비누,세안비누,201
동구밭 페이스 앤 바디바 레몬그라스 올인원 병풀,비누,201
Better than Liquid 여행용3종 휴대용 천연세수 올인원 세안비누 제로웨이스트,세안비누,500
동구밭 오이 가지 바디비누 가꿈비누 건성 샤워 바디솝 제로웨이스트 천연 비누,비누,201
동구밭 바질 가꿈비누 세안 cp 순한 숙성 순한 화장 클렌징바 천연 비누,세안비누,201
동구밭 올바른 천연 미니비누 노니 세수 식물성 바디솝 제로웨이스트 세안 클렌징바,세안비누,201
동구밭 바디 가꿈비누 페퍼민트 편백 피톤치드 목욕 샤워 바디바 천연 비누,샴푸바,201
동구밭 상추 세안 cp 비누 가꿈비누 순한 화장 클렌징솝 제로웨이스트 천연 비누,페이셜비누,201
동구밭 올바른 cp세안비누 콜라겐 코코넛오일 순한 클렌징바,세안비누,201
동구밭 올바른 노니 샤워비누 바디워시 솝 어성초 피부 진정 바디바 천연 비누,바디워시,201
동구밭 올바른 바디스크럽바 씨솔트,스크럽바,201
삼베비누망 증정 동구밭 올인원 비누 3종 세트,비누,201
동구밭 앰플 세안바 다시마 폼클렌징,세안비누,201
동구밭 가꿈비누 5종 천연 세안 친환경 세수비누 수제 CP숙성 클렌징바 제로웨이스트,세안비누,201
[3+1] 동구밭 거품입욕제 목욕제 아로마 배쓰밤 온천 스파 천연 반신욕 버블바 족욕,입욕제,201
동구밭 시어버터 올바른 핸드크림 핸드밤,핸드크림,201
동구밭 발샴푸 비누 대나무 목초액 풋 케어 샴푸바 발냄새 각질 케어 천연 비누,비누,201
동구밭 올바른 고체바디로션바 시어버터,바디로션,201
동구밭 배쓰밤 아로마입욕제 2종세트,입욕제,201
동구밭 레몬그라스 거품입욕제 목욕 배쓰밤 온천 스파 반신욕 족욕 천연 비누,입욕제,201
동구밭 로즈마리 배쓰밤 아로마입욕제,입욕제,201
동구밭 카렌둘라 배쓰밤 아로마입욕제,입욕제,201
동구밭 페퍼민트 거품입욕제 목욕 배쓰밤 온천 스파 반신욕 족욕 천연 비누,입욕제,201
동구밭 로즈 거품입욕제 목욕 배쓰밤 온천 스파 반신욕 족욕 천연 비누,입욕제,201
동구밭 라벤더 거품입욕제 목욕 배쓰밤 온천 스파 반신욕 족욕 천연 비누,입욕제,201
반려시선 저자극 강아지 샴푸바 비건 애견목욕 말티즈 푸들 오트밀 발세정 비누 제로웨이스트,발비누,201
반려시선 강아지 저자극 발비누 시어버터 120g,발비누,201
반려시선 무향 고양이전용 샴푸바 저자극 오트밀 비건 목욕비누 샴푸린스 올인원 제로웨이스트,반려동물샴푸,201
동구밭 반려시선 강아지스파 보습 탄산입욕제,-,404
동구밭 올바른 강아지 비누 무향 식물성 고체 비누 EWG등급 천연 비누,반려동물샴푸,201
반려시선 강아지연고 피부건조 발바닥보습 35g,발비누,201
동구밭 풋귤 천연 설거지비누 1kg 워싱바 고체,설거지비누,201
동구밭 씹는 고체치약 제로웨이스트 180정 대용량 리필,치약,201
동구밭 비건 설거지 탈취 비누 녹차 100g,설거지비누,201
천연 설거지비누 고체워싱바 무화과 500g,설거지비누,201
천연 설거지비누 고체워싱바 무화과 100g,설거지비누,201
동구밭 인센스스틱 고요의 숲 실내 나무 향,인센스스틱,201
동구밭 타블렛 올인원 식기세척기 세제 240g,식기세척기세제,201
동구밭 풋귤 천연 설거지비누 150g 워싱바 고체 안심세제 친환경 제로웨이스트,설거지비누,201
동구밭 씹는 고체치약 제로웨이스트 45정,치약,201
동구밭 풋귤 천연 설거지비누 워싱바 100g 고체 안심세제 친환경 제로웨이스트,설거지비누,201
[1+1] 동구밭 지구살림 고체섬유유연제 안전한 무향 아기 속옷 친환경 드럼세탁기 캡슐 섬유린스,섬유유연제,201
동구밭 지구살림 친환경 고체세탁세제 70정 아기 속옷 드럼 통돌이 효소 캡슐,세탁세제,201
동구밭 올바른 친환경 세탁비누 200g,세탁비누,201
동구밭 소프넛열매 세탁비누,세탁비누,201
동구밭 설거지비누 고체워싱바 대용량 1000g,설거지비누,201
동구밭 고체설거지비누 워싱바 400g,설거지비누,201
동구밭 주방설거지비누 워싱바 300g,설거지비누,201
동구밭 주방비누 고체워싱바 200g,설거지비누,201
동구밭 설거지바 워싱바비누 100g,설거지비누,201
올바른 설거지 워싱바 선물세트,설거지비누,201
동구밭 주방용 설거지 대형수세미 제로웨이스트 샵 플라스틱프리 천연 비누,수세미,500
동구밭 레몬향 설거지바세트 과일야채 젖병세척 1종 플라스틱프리 주방비누(150gX4개+500gX1개+수세미기본형X2개+규조토받침X1개),설거지비누,201
동구밭 올바른 주방비누 고체 천연설거지바 제로웨이스트 설거지비누 200g,설거지비누,201
동구밭 제로웨이스트 첫걸음패키지 저자극 맨손 설거지비누 1종 주방워싱바,설거지비누,201
동구밭 주방용 설거지 수세미 제로웨이스트 샵 플라스틱프리,수세미,500
동구밭 올바른 설거지비누150g 주방 설거지바 cp 고체 워싱바 제로웨이스트 천연 비누,설거지비누,201
동구밭 1종 설거지비누 500g 설거지바 올바른 설거지워싱바 고체 대용량 주방세제 천연 비누,설거지비누,201
동구밭 순면100% 비누 세안망 거품망 버블망 제로웨이스트,비누망,201
동구밭 주방용 설거지 대형수세미 제로웨이스트 샵 플라스틱프리 천연 비누,수세미,500
동구밭 주방용 설거지 수세미 제로웨이스트 샵 플라스틱프리,수세미,500
동구밭 종이 쇼핑백(소),쇼핑백,201
동구밭 생분해 삼베 비누망,비누망,201
동구밭 친환경 곤약스펀지 얼굴 세안용,-,404
동구밭 시그니처 비누 받침대,비누받침,201
동구밭 스테인리스 다용도 고리 주방 현관 S자 후크 치약집게 캠핑 제로웨이스트,집게,201
목화송이 무형광 면손수건,수건,201
에코어스 소창행주,행주,201
동구밭 친환경 사이잘삼 비누망,비누망,201
동구밭 친환경 곤약스펀지 거품샤워타올,샤워타올,201
목화송이 텀블러 파우치,파우치,201
동구밭 스테인리스 다용도 고리 4개입,집게,201
동구밭 규조토 비누받침대 트레이 욕실 세면대 무지 세라믹 물빠짐 제로웨이스트 천연 비누,비누받침,201
올가 미니 수납 바스켓 세트,바스켓,201
에코어스 생리대 2종,-,404
올가 미니 바스켓,바스켓,201
올가 바스켓 3종,바스켓,201
에코어스 팬티 라이너,-,404
클래식 스몰 월경컵,월경컵,404
쇼티 스몰 월경컵,월경컵,404
티읕 콘돔 리얼센세이션 12개입,콘돔,404
링 타이니 월경컵,월경컵,404
쇼티 타이니 월경컵,월경컵,404
지구살림 고체세탁세제 280g,세탁세제,201
오가닉 캑터스 젤 120ml,-,404
올바른 샴푸바 쿨링용 120g,샴푸바,201
클래식 라지 월경컵,월경컵,404
올바른 샴푸바 지성용 120g,샴푸바,201
쇼티 라지 월경컵,월경컵,404
올바른 린스바 120g,린스바,201
지구살림 고체섬유유연제 280g,섬융유연제,404
올바른 샴푸바 중건성용 120g,샴푸바,201
가꿈비누 오이가지 100g,비누,201
올바른 트리트먼트바 120g,트리트먼트바,201
가꿈비누 상추 100g,비누,201
"초보자도 쉬운 생리컵, 티읕컵",생리컵,404
달품집,-,404
Vol.4,-,404
올바른 설거지 워싱바 2종,워싱바,404
천연 삼베 행주 겸 보자기,행주,201
천연 삼베 수세미 1개입 3종,수세미,201
소중한 컵 2종 6colors,-,404
마루 대나무 칫솔 스탠다드 2종,칫솔,500
규조토 칫솔꽂이 2colors,칫솔꽂이,404
가꿈비누 페퍼민트 100g,비누,201
가꿈비누 케일 100g,비누,201
가꿈비누 바질 100g,비누,201
오비츠 자일리톨 고체치약 틴케이스 2colors,치약,201
CXP 소형 칫솔 2종 5colors,칫솔,500
올바른 샴푸바 민감용 120g,샴푸바,201
대나무 칫솔 케이스,칫솔,500
마루 키즈 대나무 칫솔,칫솔,500
혀클리너 5colors,혀클리너,201
페이스 앤 바디바 레몬그라스 120g,바디바,201
시리얼 보울 470ml 3종,시리얼,404
소담 텀블러 2colors,텀블러,201
든든한 컵 6colors,컵,201
오목이 비누받침 3colors,비누받침,201
마루 치약 120g 2종,치약,201
제로웨이스트 욕실 트래블러키트,키트,404
올바른 강아지 비누 100g,비누,201
티읕 무화과 청결제 198ml,청결제,404
티읕 청결티슈 15매입,청결티슈,201
올바른 바디로션바 시어버터 100g,바디로션바,201
에어필 비건 워터 틴트 5colors,틴트,201
쉼 파우더 비건 팩트 2colors,팩트,201
올바른 친환경 세탁비누 200g,세탁비누,201
천연 삼베 망사 에코백,에코백,404
아이폰 13 케이스 3colors,폰케이스,404
친환경 삼베실 2호,삼베실,404
친환경 삼베실 3호,삼베실,404
친환경 삼베실 6호,삼베실,404
친환경 삼베실 5호,삼베실,404
친환경 삼베실 1호,삼베실,404
Vol.7,-,404
Vol.2,-,404
Vol.5,-,404
우드 스푼,스푼,201
천연 수세미 대형,수세미,201
천연 수세미 기본형,수세미,201
실리콘 빕 5colors,빕,404
천연 삼베 수세미 3개입 3종,수세미,201
친환경 삼베 커피필터 2개입,커피필터,404
팔목라인 고무장갑 5colors,고무장갑,201
타블렛 식기세척기세제 240g,식기세척기세제,201
규조토 비누 트레이,비누트레이,201
진피 설거지비누 120g,설거지비누,201
치약짜개,치약짜개,201
마루 대나무 칫솔 콤팩트 2종,칫솔,500
키즈 대나무 칫솔 케이스,칫솔케이스,500
스테인리스 혀클리너,혀클리너,201
마루 치약 불소 휴대용 30g,치약,201
마루 키즈 치약 75g 2종,치약,201
착 칫솔걸이 4colors,칫솔케이스,404
치실,치실,500
오비츠 자일리톨 고체치약 4종,치약,201
올바른 바디스크럽바 씨솔트 100g,바디스크럽바,404
올바른 샴푸바 건성용 120g,샴푸바,201
유기농 순면 비누 거품망,거품망,201
나주 인디고 비건 샴푸바 100g,샴푸바,201
베러 댄 리퀴드 여행용 키트 60g,킼트,404
와플 삼베 바스타올,바스타올,201
와플 삼베 세면타올,세면타올,201
삼베 스크럽타올,스크럽타올,201
삼베 세안타올,세면타올,201
삼베 샤워타올,샤워타올,201
삼베 스포츠타올,스포츠타올,201
고체치약 2종,치약,201
CXP 칫솔 거치대,칫솔케이스,404
야호 농축가글 45ml,가글,404
파프리카 세안비누 120g,세안비누,201
어성초 세안비누 120g,세안비누,201
오트밀 스크럽 세안비누 120g,세안비누,201
델루나 고양이 강아지 이불 2종 3colors,펫이불,201
제주 동백꽃 노즈워크 장난감,장난감,404
내추럴 린넨 목욕망,목욕망,500
캐롯 워터리스 풋클렌저 150ml,풋클렌저,201
캐롯 수딩 풋크림 50ml,풋크림,201
캐롯 워터리스 풋클렌저 리필팩 300ml,풋클렌저,201
내추럴 코튼 타올,타올,404
반려견 드라이 타올 가운,펫타올,404
반려견 드라이 타올 장갑,펫타올,404
반려견 돌돌말이 방석,펫방석,404
뱀부 토들러 기프트 세트 5colors,세트,404
제로웨이스트 욕실 스타터키트,키트,404
에어팟 케이스 3colors,폰케이스,404
친환경 삼베실 4호,-,404
Vol.6,-,404
Vol.3,-,404
브랜드북,-,404
아이폰 14 케이스 3colors,퐁케이스,404
뱀부 컵 5colors,컵,201
뱀부 시피 컵뚜껑 5colors,컵뚜껑,404
뱀부 베이비 기프트 세트 5colors,세트,404
뱀부 플레이트 5colors,플레이트,404
뱀부 보울 5colors,플레이트,404
뱀부 커틀러리 세트 5colors,수저,201
비건 그래놀라 선물세트,세트,404
제로웨이스트 주방 스타터키트,키트,404
가볍게 그릇,플레이트,404
가볍게 그릇 30개입 3colors,플레이트,404
소소한 컵 2종 5colors,컵,201
설거지 워싱바 녹차 100g,설거지워싱바,404
자초 설거지비누 120g,비누,201
CXP 대형 칫솔 2종 5colors,칫솔,500
산뜻이 치실 세트 2colors,치실,201
진주 세안비누 120g,비누,201
델루나 고양이 강아지 베개 2종,펫베개,201
제주 벚꽃 노즈워크 장난감,장난감,404
캐롯 내추럴 샴푸바 100g,샴푸바,201
반려인 커플 나이트 가운,가운,201
반려견 커플 나이트 가운,가운,201
반려견 드라이 와플 가운 2colors,가운,201
반려견 2단 쿠션 베드 2colors,펫베드,404
리사이클 펫 케이프 후드 6colors,-,404
반려시선 강아지 샴푸바 100g,샴푸바,201
반려시선 고양이 샴푸바 100g,샴푸바,201
목재볼펜세트 2개입,볼펜,404
뱀부 베이비 스푼 세트 2종,수저,201
링 스몰 월경컵,월경컵,404
링 라지 월경컵,월경컵,404
장성 피톤 탑투토 비건 워시바 100g,워시바,404
퀵젤펜,-,404
고무장갑 팔목라인,고무장갑,201
설거지비누 450g,주방세제,201
주방비누 3개,주방세제,201
접이식 실리콘 런치박스,-,404
주방비누,주방세제,201
실리콘비누받침,비누받침,500
실리콘 지퍼백,지퍼백,201
과일 채소 세척솔,세척솔,201
나무 커트러리 세트,수저,201
천연 통 수세미,수세미,201
실리콘 하모니 사각 6구 아이스 몰드,얼음틀,201
컬러 나무 수저세트 S,수저,201
천연물방울수세미(3개입),수세미,201
스테인레스 집게 걸이,집게걸이,500
구리수세미 (3개입),수세미,201
천연물방울수세미,수세미,201
삼베 행주,행주,201
소프넛,-,500
소창 삼각 티백,티백,500
S자 고리,-,500
나무 티스푼,티스푼,500
지구샵 유기농 수건 핸드타월,핸드타월,500
팬용 세척솔,세척솔,201
나무 수저받침,수저받침,201
라탄 컵받침,컵받침,500
나무 집게,집게,201
나무 요리 젓가락,젓가락,201
나무 뒤집개,뒤집개,201
나무 요리 주걱 (동글이),주걱,201
나무 요리 주걱 (길쭉이),주걱,201
나무 국자,국자,201
나무 주걱,주걱,201
소창 티백,티백,500
식기세척기 태블릿세제(60정입),세제,201
실리콘랩 세트,-,404
접이식 실리콘 런치박스 세트,-,404
키친클로스(체크),-,500
키친클로스(줄무늬),-,500
실리콘하모니 후라이팬 뚜껑 (30cm),후라이팬뚜껑,201
실리콘 하모니 사각 만능찜기,-,404
손편한 앞접시세트(5개입),-,404
유기농배색그물장바구니,장바구니,500
설거지비누 150g,주방세제,201
유기농 핸드타월 (1매),핸드타월,500
유기농 핸드타월 (7매),핸드타월,500
실리콘 클립형 도마 (중),도마,201
실리콘 접이식 휴대컵,컵,201
키친클로스 테이블매트 (스티치),-,500
나무 티포크,포크,500
나무 버터나이프,나이프,500
나무 수저세트,-,404
실리콘 지퍼백 세트,지퍼백,201
재사용 플라스틱 밀봉클립,밀봉클립,201
캠핑 트래블러 파우치 세트,-,404
보틀 세척솔,세척솔,500
밀랍랩 DIY키트 (교육/체험용),-,500
밀랍랩 비기너세트,-,404
마일드고체치약 (저불소자몽향) 150정입,치약,201
오리지널고체치약 450정입,치약,201
지구샵 대나무칫솔,칫솔,500
혀클리너,혀클리너,500
대나무칫솔 납작이 (10개),칫솔,500
실리콘칫솔뚜껑,칫솔뚜껑칫솔,404
작은모칫솔,칫솔,500
생분해성 샤워퍼프,샤워타올,201
스트롱고체치약 (쿨민트향) 450정입,치약,201
작은모칫솔세트(5개입),칫솔,500
그린클린 치약 100g,치약,201
구절초 수분 진정 클렌징바,클렌징폼,201
그린클린 치실 (30m),치실,201
실리콘비누받침,비누받침,500
오리지널 컨디셔너바,린스바,201
스트롱고체치약 (쿨민트향) 30정입,치약,201
온몸비누 선물세트,-,404
생분해성 샤워타월,샤워타올,201
스트롱고체치약 (쿨민트향) 150정입,치약,201
온몸비누(자몽) 미니 20g,바디워시,201
튜브짜개,치약짜개,500
올바른 샴푸바 쿨링용,샴푸,201
올바른 트리트먼트바,린스,404
올바른 린스바,린스,404
재사용 플라스틱 알약커팅기,-,500
그린클린 칫솔 (키즈),칫솔,500
올바른 샴푸바 지성용,샴푸,201
스테인레스 집게 걸이,집게걸이,500
지구샵 제로라이프 고체치약,치약,500
그린클린 칫솔 (일반),칫솔,500
소프넛,-,500
나주 샴푸바,샴푸,201
약산성 5.5 샴푸바,샴푸,201
현무암 비누받침,비누받침,201
온몸비누 (자몽) 100g,바디워시,201
올바른 아기비누 알로에,바디워시,201
S자 고리,-,500
면 화장솜 (4매입),화장솜,500
칫솔파우치,파우치,500
네버드라이 페이셜바,페이셜비누,201
스테인레스칫솔걸이,칫솔걸이,201
삼베 샤워타월,샤워타올,201
그린클린 칫솔 (울트라소프트),칫솔,500
지구샵 제로라이프 고체치약,치약,500
마일드고체치약 (저불소자몽향) 30정입,치약,201
올바른 거품 입욕제,입욕제,500
멜팅마일리 리필(60g),-,500
솔츠 리추얼 마사지 클렌징바,클렌징폼,201
로즈마리 헤어 씨크닝 컨디셔너바 115g,린스,404
로즈마리 스칼프 스케일링 샴푸바 135g,샴푸,201
티트리 밸런싱 클렌징바 110g,클렌징폼,201
대나무칫솔 납작이,칫솔,500
유리 디스펜서 용기 300ml,용기,500
재활용 페트 용기 500ml,용기,500
칫솔&혀클리너 세트,-,404
산뜻이 치실,치실,201
베러댄리퀴드 여행용 비누 키트,-,404
지구샵 대나무칫솔,칫솔,500
오오클렌징바,클렌징폼,500
노세범 샴푸바 (지성용),샴푸,201
지구샵 제로라이프 고체치약,치약,500
픽시할로우 올인원바 (한방),비누,201
제주 시카 클렌징볼,폼클렌징,201
마일드고체치약 (저불소자몽향) 450정입,치약,201
칫솔꽂이,칫솔꽂이,404
맥칼린 풀마이크로 오리지널솝,비누,201
올바른 샴푸바 중건성용 100g,샴푸,201
그린클린 체인지 칫솔 리필헤드 (2개입),-,404
그린클린 체인지 칫솔,칫솔,500
지구샵 유기농 수건 핸드타월,핸드타월,500
네버우드 클렌징바 (참숯병풀),폼클렌징,201
유기농 수건 (7매),수건,500
유기농 수건 (1매),수건,500
재활용 페트 용기 200ml,-,500
월경컵,-,404
유기농 생리대(롱라이너) 20개입 x 4팩 번들,-,404
유기농 생리대 (롱라이너) 20개입,-,404
과탄산소다 세탁비누,세탁세제,500
유기농 생리대 (슈퍼롱) 6개입,-,404
유기농 생리대 (대형) 10개입 x 4팩 번들,-,404
오오클렌징바,클렌징폼,500
유기농 생리대 (중형) 12개입 x 4팩 번들,-,404
유기농 생리대 (대형) 10개입,-,404
유기농 생리대 (중형) 12개입,-,404
유기농 이지 탐폰 (라이트),-,404
유기농 이지 탐폰 (레귤러),-,404
유기농 이지 탐폰 (슈퍼),-,404
밀키파우치 업사이클링 DIY키트,-,404
밀키프레임 업사이클링 DIY키트,-,404
해봄수반,-,404
공정무역 교육키트 (티코스터 자수),-,404
밀키큐브 업사이클링 DIY키트,-,404
밀키바통 업사이클링 DIY키트,-,404
공정무역 교육키트 (싸바이디),-,404
밀랍랩 DIY키트 (교육/체험용),-,500
밀키카드집 업사이클링 DIY키트,-,404
업사이클 멜라민 화분 세트,-,404
스테인레스 빨대,빨대,201
유기농빨대파우치,파우치,500
빨대세척솔,세척솔,201
실리콘빨대 (20cm),빨대,201
실리콘빨대 (24cm),빨대,201
소창 삼각 티백,티백,500
빨대 파우치,파우치,201
버블티용 내열유리빨대,빨대,201
나무 티스푼,티스푼,500
라탄 컵받침,컵받침,500
유리빨대,빨대,201
소창 티백,티백,500
개방형 실리콘빨대 (일반용),빨대,201
개방형 실리콘빨대 (버블티용),빨대,201
키친클로스(체크),-,500
키친클로스(줄무늬),-,500
허스키컵 싱글유닛 8온스,컵,201
허스키컵 싱글유닛 12온스,컵,201
나무 티포크,포크,500
나무 버터나이프,나이프,500
보틀 (590ml),텀블러,201
보틀 세척솔,세척솔,500
풀빨대 (50개입),빨대,201
반려동물 츄르 (8개입),-,404
미니 에코백,에코백,500
생분해성 배변봉투 (120매입),배변봉투,201
강아지SOS 멀티밤,-,404
강아지 발바닥 보호밤,-,404
내추럴 린넨 목욕망,-,500
캐롯 내추럴 반려동물 샴푸바,반려동물샴푸,201
동백꽃 노즈워크 장난감,반려동물장난감,201
올바른 강아지 천연비누,반려동물비누,201
생분해 에코 풉백 (90매),배변봉투,201
다회용 배변패드,배변패드,201
아끼링 ver.2,-,500
카라비너,-,500
프로바이오틱스 원 395,-,404
생분해성 화장솜 (400매입),화장솜,201
오리진밤 (멀티밤),크림,201
면 화장솜 (4매입),화장솜,500
매직 뷰티 슈룸 에센스,에센스,201
퍼퓸밤 (디어프리지아),향수,201
퍼퓸밤 (이그제틱부쉬),향수,201
퍼퓸밤 (멜로우가든),향수,201
비건 립밤,립밤,201
올바른 거품 입욕제,입욕제,500
멜팅마일리 리필(60g),-,500
유리 디스펜서 용기 300ml,-,500
재활용 페트 용기 500ml,-,500
데일리 톤업 비건 썬스크린,썬크림,201
샌달우드 오일세럼,세럼,201
퍼퓸밤 (솝센트),향수,201
재활용 페트 용기 200ml,-,500
제로캐릭터엽서,엽서,201
제로웨이스트 패션 스티커팩,스티커,201
THERE IS NO PLANET B 포스터,포스터,201
비목재 메모패드 (메모),메모패드,201
비목재 메모패드 (필환경시대),메모패드,201
비목재 메모패드 (플로깅데이),메모패드,201
제로웨이스트치어링스티커팩,-,404
라운드 파우치,파우치,500
필통,필통,500
강릉 커피 연필,연필,201
미니 펜슬 케이스,-,500
크리스마스 키링,-,500
신입사원 웰컴키트,-,404
LP판 업사이클링 레코드노트 드로잉북 (무선),-,404
LP판 업사이클링 레코드노트 미디엄 (유선),-,404
LP판 업사이클링 레코드노트 스크랩북 (유선+무선),-,404
비목재 메모패드 (베지테리언),메모패드,201
고체 세탁세제,세제,201
잘떼쓰틱,-,404
유기농빨대파우치,파우치,500
고체 섬유유연제,섬유유연제,201
튜브짜개,튜브짜개,500
재사용 플라스틱 알약커팅기,-,500
스테인레스 집게 걸이,집게걸이,500
휴대용 면휴지 (4매입),휴지,201
인센스튜브,인센스,404
S자 고리,-,500
칫솔파우치,파우치,500
유기농그물주머니,-,404
지구샵 유기농 수건 핸드타월,핸드타올,500
미니 에코백,에코백,500
인센스 스틱,인센스,404
어흥밤 화이트 (아로마밤),향수,201
인센스 홀더,인센스홀더,201
리필용 면휴지 (5매),휴지,201
과탄산소다 세탁비누,세탁세제,500
라운드 파우치,파우치,500
필통,필통,500
키친클로스(체크),행주,500
키친클로스(줄무늬),행주,500
유기농 코튼 면봉,면봉,201
유기농배색그물장바구니,쇼핑백,500
유기농 핸드타월 (1매),수건,500
유기농 핸드타월 (7매),수건,500
미니 호보백,쇼핑백,201
스크런치,-,404
미니 펜슬 케이스,필기도구,500
키친클로스 테이블매트 (스티치),-,500
휴의 팔로산토 Gift set,-,404
크리스마스 키링,-,500
유리 디스펜서 용기 300ml,용기,500
재활용 페트 용기 500ml,용기,500
험블 대나무 면봉,면봉,201
험블 치실픽,치실,201
인센스로프,-,404
토트백,쇼핑백,201
아끼링 ver.2,-,500
카라비너,-,500
병뚜껑 아크릴 수거함,-,404
지구샵 유기농 수건 핸드타월,수건,500
유기농 수건 (7매),수건,500
유기농 수건 (1매),수건,500
재활용 페트 용기 200ml,용기,500
